{"request_timestamp": 1775592545.8706958, "iteration": 1, "type": "agent", "prefix": "agent_001", "response_timestamp": 1775592556.3651788, "duration_ms": 10494}