{"request_timestamp": 1775538272.905111, "iteration": 1, "type": "agent", "prefix": "agent_001", "response_timestamp": 1775538280.9889102, "duration_ms": 8084}