{"request_timestamp": 1775538989.722216, "iteration": 209, "type": "agent", "prefix": "agent_209", "response_timestamp": 1775539021.5925162, "duration_ms": 31870}