{"request_timestamp": 1775538306.374149, "iteration": 8, "type": "agent", "prefix": "agent_008", "response_timestamp": 1775538332.6515741, "duration_ms": 26277}