{"request_timestamp": 1775538647.3459468, "iteration": 122, "type": "internal", "prefix": "internal_122", "response_timestamp": 1775538647.667786, "duration_ms": 322}