{"request_timestamp": 1775538689.29363, "iteration": 136, "type": "internal", "prefix": "internal_136", "response_timestamp": 1775538689.8767538, "duration_ms": 583}