{"request_timestamp": 1775538753.0758169, "iteration": 156, "type": "internal", "prefix": "internal_156", "response_timestamp": 1775538753.442081, "duration_ms": 366}