{"request_timestamp": 1775538871.895979, "iteration": 187, "type": "internal", "prefix": "internal_187", "response_timestamp": 1775538872.328981, "duration_ms": 433}