{"request_timestamp": 1775538610.907541, "iteration": 112, "type": "internal", "prefix": "internal_112", "response_timestamp": 1775538611.4029708, "duration_ms": 495}