{"request_timestamp": 1775538453.893182, "iteration": 62, "type": "internal", "prefix": "internal_062", "response_timestamp": 1775538454.248551, "duration_ms": 355}