{"request_timestamp": 1775538721.465137, "iteration": 146, "type": "internal", "prefix": "internal_146", "response_timestamp": 1775538721.8635142, "duration_ms": 398}