{"request_timestamp": 1775538824.038549, "iteration": 179, "type": "internal", "prefix": "internal_179", "response_timestamp": 1775538824.377256, "duration_ms": 339}