{"request_timestamp": 1775538365.863743, "iteration": 23, "type": "internal", "prefix": "internal_023", "response_timestamp": 1775538366.1746612, "duration_ms": 311}