{"request_timestamp": 1775538399.990606, "iteration": 38, "type": "internal", "prefix": "internal_038", "response_timestamp": 1775538400.6422489, "duration_ms": 652}