{"request_timestamp": 1775538453.4945521, "iteration": 61, "type": "internal", "prefix": "internal_061", "response_timestamp": 1775538453.8865101, "duration_ms": 392}