{"request_timestamp": 1775538656.807612, "iteration": 126, "type": "internal", "prefix": "internal_126", "response_timestamp": 1775538657.1800928, "duration_ms": 372}