{"request_timestamp": 1775538776.923661, "iteration": 163, "type": "internal", "prefix": "internal_163", "response_timestamp": 1775538777.25151, "duration_ms": 328}