{"request_timestamp": 1775538610.4738271, "iteration": 111, "type": "internal", "prefix": "internal_111", "response_timestamp": 1775538610.90531, "duration_ms": 431}