{"request_timestamp": 1775538672.530922, "iteration": 132, "type": "internal", "prefix": "internal_132", "response_timestamp": 1775538672.916016, "duration_ms": 385}