{"request_timestamp": 1775538385.8248498, "iteration": 33, "type": "internal", "prefix": "internal_033", "response_timestamp": 1775538386.303982, "duration_ms": 479}