{"request_timestamp": 1775538462.603464, "iteration": 66, "type": "internal", "prefix": "internal_066", "response_timestamp": 1775538463.071817, "duration_ms": 468}