{"request_timestamp": 1775538366.64675, "iteration": 25, "type": "internal", "prefix": "internal_025", "response_timestamp": 1775538367.07903, "duration_ms": 432}