{"request_timestamp": 1775538448.1229491, "iteration": 58, "type": "internal", "prefix": "internal_058", "response_timestamp": 1775538448.4349818, "duration_ms": 312}