{"request_timestamp": 1775538366.1825678, "iteration": 24, "type": "internal", "prefix": "internal_024", "response_timestamp": 1775538366.63851, "duration_ms": 456}