{"request_timestamp": 1775538423.145876, "iteration": 48, "type": "internal", "prefix": "internal_048", "response_timestamp": 1775538423.4792519, "duration_ms": 333}