{"request_timestamp": 1775538567.92397, "iteration": 98, "type": "internal", "prefix": "internal_098", "response_timestamp": 1775538568.263127, "duration_ms": 339}