{"request_timestamp": 1775538498.216882, "iteration": 78, "type": "internal", "prefix": "internal_078", "response_timestamp": 1775538498.972451, "duration_ms": 756}