{"request_timestamp": 1775538365.379099, "iteration": 22, "type": "internal", "prefix": "internal_022", "response_timestamp": 1775538365.8586931, "duration_ms": 480}