{"request_timestamp": 1775538752.7381482, "iteration": 155, "type": "internal", "prefix": "internal_155", "response_timestamp": 1775538753.074229, "duration_ms": 336}