{"request_timestamp": 1775538368.791126, "iteration": 27, "type": "subagent", "prefix": "subagent_027", "response_timestamp": 1775538372.1242518, "duration_ms": 3333}