{"request_timestamp": 1775538711.4397829, "iteration": 143, "type": "subagent", "prefix": "subagent_143", "response_timestamp": 1775538714.45249, "duration_ms": 3013}