{"request_timestamp": 1775538372.143293, "iteration": 28, "type": "subagent", "prefix": "subagent_028", "response_timestamp": 1775538374.53509, "duration_ms": 2392}