{"request_timestamp": 1775538696.947572, "iteration": 139, "type": "subagent", "prefix": "subagent_139", "response_timestamp": 1775538699.154442, "duration_ms": 2207}