{"request_timestamp": 1775538922.695563, "iteration": 197, "type": "subagent", "prefix": "subagent_197", "response_timestamp": 1775538929.0980392, "duration_ms": 6402}