{"request_timestamp": 1775538281.0056598, "iteration": 2, "type": "subagent", "prefix": "subagent_002", "response_timestamp": 1775538283.547976, "duration_ms": 2542}