{"request_timestamp": 1775538762.340628, "iteration": 160, "type": "subagent", "prefix": "subagent_160", "response_timestamp": 1775538766.610666, "duration_ms": 4270}