{"request_timestamp": 1775538967.935544, "iteration": 204, "type": "subagent", "prefix": "subagent_204", "response_timestamp": 1775538970.948224, "duration_ms": 3013}