{"request_timestamp": 1775538717.880575, "iteration": 145, "type": "subagent", "prefix": "subagent_145", "response_timestamp": 1775538721.4593139, "duration_ms": 3579}