{"request_timestamp": 1775538975.3307672, "iteration": 207, "type": "subagent", "prefix": "subagent_207", "response_timestamp": 1775538977.896715, "duration_ms": 2566}