{"request_timestamp": 1775538972.96669, "iteration": 206, "type": "subagent", "prefix": "subagent_206", "response_timestamp": 1775538975.311636, "duration_ms": 2345}