{"request_timestamp": 1775538574.8916328, "iteration": 101, "type": "subagent", "prefix": "subagent_101", "response_timestamp": 1775538576.998104, "duration_ms": 2106}