{"request_timestamp": 1775538417.978794, "iteration": 46, "type": "subagent", "prefix": "subagent_046", "response_timestamp": 1775538421.374968, "duration_ms": 3396}