{"request_timestamp": 1775538439.8319209, "iteration": 55, "type": "subagent", "prefix": "subagent_055", "response_timestamp": 1775538443.467343, "duration_ms": 3635}