{"request_timestamp": 1775538426.116051, "iteration": 50, "type": "subagent", "prefix": "subagent_050", "response_timestamp": 1775538429.2430851, "duration_ms": 3127}