{"request_timestamp": 1775538663.209697, "iteration": 129, "type": "subagent", "prefix": "subagent_129", "response_timestamp": 1775538665.97567, "duration_ms": 2766}