{"request_timestamp": 1775538970.999712, "iteration": 205, "type": "subagent", "prefix": "subagent_205", "response_timestamp": 1775538972.9431229, "duration_ms": 1943}