{"request_timestamp": 1775538668.89931, "iteration": 131, "type": "subagent", "prefix": "subagent_131", "response_timestamp": 1775538672.518383, "duration_ms": 3619}