{"request_timestamp": 1775538791.176932, "iteration": 168, "type": "subagent", "prefix": "subagent_168", "response_timestamp": 1775538796.549703, "duration_ms": 5373}