{"request_timestamp": 1775538448.4414458, "iteration": 59, "type": "subagent", "prefix": "subagent_059", "response_timestamp": 1775538450.249763, "duration_ms": 1808}