{"request_timestamp": 1775538812.8767202, "iteration": 175, "type": "subagent", "prefix": "subagent_175", "response_timestamp": 1775538815.186943, "duration_ms": 2310}