{"request_timestamp": 1775538785.093489, "iteration": 167, "type": "subagent", "prefix": "subagent_167", "response_timestamp": 1775538791.165243, "duration_ms": 6072}