{"request_timestamp": 1775538558.388296, "iteration": 95, "type": "subagent", "prefix": "subagent_095", "response_timestamp": 1775538561.363307, "duration_ms": 2975}