{"request_timestamp": 1775538450.2851572, "iteration": 60, "type": "subagent", "prefix": "subagent_060", "response_timestamp": 1775538453.487881, "duration_ms": 3203}