{"request_timestamp": 1775538544.629128, "iteration": 90, "type": "subagent", "prefix": "subagent_090", "response_timestamp": 1775538547.0521228, "duration_ms": 2423}