{"request_timestamp": 1775538955.211804, "iteration": 202, "type": "subagent", "prefix": "subagent_202", "response_timestamp": 1775538960.165913, "duration_ms": 4954}