{"request_timestamp": 1775538386.313101, "iteration": 34, "type": "subagent", "prefix": "subagent_034", "response_timestamp": 1775538388.924226, "duration_ms": 2611}