{"request_timestamp": 1775538940.424784, "iteration": 200, "type": "subagent", "prefix": "subagent_200", "response_timestamp": 1775538946.52531, "duration_ms": 6101}