{"request_timestamp": 1775538617.469985, "iteration": 115, "type": "subagent", "prefix": "subagent_115", "response_timestamp": 1775538620.604065, "duration_ms": 3134}