{"request_timestamp": 1775538429.265131, "iteration": 51, "type": "subagent", "prefix": "subagent_051", "response_timestamp": 1775538431.634472, "duration_ms": 2369}