{"request_timestamp": 1775538912.824687, "iteration": 195, "type": "subagent", "prefix": "subagent_195", "response_timestamp": 1775538919.50228, "duration_ms": 6678}