{"request_timestamp": 1775538423.485232, "iteration": 49, "type": "subagent", "prefix": "subagent_049", "response_timestamp": 1775538426.094937, "duration_ms": 2610}