{"request_timestamp": 1775538343.266571, "iteration": 14, "type": "subagent", "prefix": "subagent_014", "response_timestamp": 1775538345.401275, "duration_ms": 2135}