{"request_timestamp": 1775538496.189405, "iteration": 77, "type": "subagent", "prefix": "subagent_077", "response_timestamp": 1775538498.199605, "duration_ms": 2010}