{"request_timestamp": 1775538623.236323, "iteration": 117, "type": "subagent", "prefix": "subagent_117", "response_timestamp": 1775538626.603231, "duration_ms": 3367}