{"request_timestamp": 1775538779.8983638, "iteration": 165, "type": "subagent", "prefix": "subagent_165", "response_timestamp": 1775538782.865108, "duration_ms": 2967}