{"request_timestamp": 1775538799.483073, "iteration": 170, "type": "subagent", "prefix": "subagent_170", "response_timestamp": 1775538802.209159, "duration_ms": 2726}