{"request_timestamp": 1775538359.57776, "iteration": 20, "type": "subagent", "prefix": "subagent_020", "response_timestamp": 1775538362.807703, "duration_ms": 3230}