{"request_timestamp": 1775538288.599628, "iteration": 4, "type": "subagent", "prefix": "subagent_004", "response_timestamp": 1775538293.293835, "duration_ms": 4694}