{"request_timestamp": 1775538486.246913, "iteration": 74, "type": "subagent", "prefix": "subagent_074", "response_timestamp": 1775538489.17671, "duration_ms": 2930}