{"request_timestamp": 1775538587.619336, "iteration": 104, "type": "subagent", "prefix": "subagent_104", "response_timestamp": 1775538590.9649332, "duration_ms": 3346}