{"request_timestamp": 1775538345.4122062, "iteration": 15, "type": "subagent", "prefix": "subagent_015", "response_timestamp": 1775538348.304339, "duration_ms": 2892}