{"request_timestamp": 1775538806.2131681, "iteration": 172, "type": "subagent", "prefix": "subagent_172", "response_timestamp": 1775538808.428572, "duration_ms": 2215}