{"request_timestamp": 1775538660.252274, "iteration": 128, "type": "subagent", "prefix": "subagent_128", "response_timestamp": 1775538663.198248, "duration_ms": 2946}