{"request_timestamp": 1775538888.300329, "iteration": 190, "type": "subagent", "prefix": "subagent_190", "response_timestamp": 1775538898.589636, "duration_ms": 10289}