{"request_timestamp": 1775538665.988254, "iteration": 130, "type": "subagent", "prefix": "subagent_130", "response_timestamp": 1775538668.890749, "duration_ms": 2902}