{"request_timestamp": 1775538647.67933, "iteration": 123, "type": "subagent", "prefix": "subagent_123", "response_timestamp": 1775538650.554542, "duration_ms": 2875}