{"request_timestamp": 1775538502.7059531, "iteration": 80, "type": "subagent", "prefix": "subagent_080", "response_timestamp": 1775538505.269419, "duration_ms": 2563}