{"request_timestamp": 1775538756.4950778, "iteration": 158, "type": "subagent", "prefix": "subagent_158", "response_timestamp": 1775538759.395572, "duration_ms": 2900}