{"request_timestamp": 1775538561.380183, "iteration": 96, "type": "subagent", "prefix": "subagent_096", "response_timestamp": 1775538564.909526, "duration_ms": 3529}