{"request_timestamp": 1775538620.6163871, "iteration": 116, "type": "subagent", "prefix": "subagent_116", "response_timestamp": 1775538623.225009, "duration_ms": 2609}