{"request_timestamp": 1775538337.305713, "iteration": 11, "type": "subagent", "prefix": "subagent_011", "response_timestamp": 1775538339.0689971, "duration_ms": 1763}