{"request_timestamp": 1775538850.502916, "iteration": 182, "type": "subagent", "prefix": "subagent_182", "response_timestamp": 1775538853.022229, "duration_ms": 2519}