{"request_timestamp": 1775538434.220753, "iteration": 53, "type": "subagent", "prefix": "subagent_053", "response_timestamp": 1775538436.4326038, "duration_ms": 2212}