{"request_timestamp": 1775538353.3970811, "iteration": 18, "type": "subagent", "prefix": "subagent_018", "response_timestamp": 1775538356.6618109, "duration_ms": 3265}