{"request_timestamp": 1775538564.920751, "iteration": 97, "type": "subagent", "prefix": "subagent_097", "response_timestamp": 1775538567.9171321, "duration_ms": 2996}