{"request_timestamp": 1775538480.657933, "iteration": 72, "type": "subagent", "prefix": "subagent_072", "response_timestamp": 1775538483.547861, "duration_ms": 2890}