{"request_timestamp": 1775538405.448331, "iteration": 41, "type": "subagent", "prefix": "subagent_041", "response_timestamp": 1775538407.403965, "duration_ms": 1956}