{"request_timestamp": 1775538935.9002838, "iteration": 199, "type": "subagent", "prefix": "subagent_199", "response_timestamp": 1775538940.4149802, "duration_ms": 4515}