{"request_timestamp": 1775538524.4001422, "iteration": 86, "type": "subagent", "prefix": "subagent_086", "response_timestamp": 1775538527.285584, "duration_ms": 2885}