{"request_timestamp": 1775538960.1796548, "iteration": 203, "type": "subagent", "prefix": "subagent_203", "response_timestamp": 1775538967.925835, "duration_ms": 7746}