{"request_timestamp": 1775538400.6632519, "iteration": 39, "type": "subagent", "prefix": "subagent_039", "response_timestamp": 1775538403.550737, "duration_ms": 2887}