{"request_timestamp": 1775538296.234507, "iteration": 6, "type": "subagent", "prefix": "subagent_006", "response_timestamp": 1775538298.451932, "duration_ms": 2217}