{"request_timestamp": 1775538614.126297, "iteration": 114, "type": "subagent", "prefix": "subagent_114", "response_timestamp": 1775538617.458813, "duration_ms": 3333}