{"request_timestamp": 1775538611.4215128, "iteration": 113, "type": "subagent", "prefix": "subagent_113", "response_timestamp": 1775538614.113843, "duration_ms": 2692}