{"request_timestamp": 1775538412.2883682, "iteration": 44, "type": "subagent", "prefix": "subagent_044", "response_timestamp": 1775538414.445122, "duration_ms": 2157}