{"request_timestamp": 1775538396.6248739, "iteration": 37, "type": "subagent", "prefix": "subagent_037", "response_timestamp": 1775538399.979512, "duration_ms": 3355}