{"request_timestamp": 1775538898.612371, "iteration": 191, "type": "subagent", "prefix": "subagent_191", "response_timestamp": 1775538902.152659, "duration_ms": 3540}