{"request_timestamp": 1775538473.8589172, "iteration": 70, "type": "subagent", "prefix": "subagent_070", "response_timestamp": 1775538478.370143, "duration_ms": 4511}