{"request_timestamp": 1775538460.040066, "iteration": 65, "type": "subagent", "prefix": "subagent_065", "response_timestamp": 1775538462.5988748, "duration_ms": 2559}