{"request_timestamp": 1775538946.538688, "iteration": 201, "type": "subagent", "prefix": "subagent_201", "response_timestamp": 1775538955.202721, "duration_ms": 8664}