{"request_timestamp": 1775538818.278275, "iteration": 177, "type": "subagent", "prefix": "subagent_177", "response_timestamp": 1775538821.43807, "duration_ms": 3160}