{"request_timestamp": 1775538356.680632, "iteration": 19, "type": "subagent", "prefix": "subagent_019", "response_timestamp": 1775538359.5686588, "duration_ms": 2888}