{"request_timestamp": 1775538853.042356, "iteration": 183, "type": "subagent", "prefix": "subagent_183", "response_timestamp": 1775538856.5322108, "duration_ms": 3490}