{"request_timestamp": 1775538552.984586, "iteration": 93, "type": "subagent", "prefix": "subagent_093", "response_timestamp": 1775538554.810714, "duration_ms": 1826}