{"request_timestamp": 1775538872.351389, "iteration": 188, "type": "subagent", "prefix": "subagent_188", "response_timestamp": 1775538875.591522, "duration_ms": 3240}