{"request_timestamp": 1775538868.759276, "iteration": 186, "type": "subagent", "prefix": "subagent_186", "response_timestamp": 1775538871.888294, "duration_ms": 3129}