{"request_timestamp": 1775538466.907058, "iteration": 68, "type": "subagent", "prefix": "subagent_068", "response_timestamp": 1775538470.219808, "duration_ms": 3313}