{"request_timestamp": 1775538493.128999, "iteration": 76, "type": "subagent", "prefix": "subagent_076", "response_timestamp": 1775538496.1620271, "duration_ms": 3033}