{"request_timestamp": 1775538774.855192, "iteration": 162, "type": "subagent", "prefix": "subagent_162", "response_timestamp": 1775538776.920892, "duration_ms": 2066}