{"request_timestamp": 1775538521.150811, "iteration": 85, "type": "subagent", "prefix": "subagent_085", "response_timestamp": 1775538524.386188, "duration_ms": 3235}