{"request_timestamp": 1775538724.197071, "iteration": 148, "type": "subagent", "prefix": "subagent_148", "response_timestamp": 1775538727.4365819, "duration_ms": 3240}