{"request_timestamp": 1775538859.379893, "iteration": 185, "type": "subagent", "prefix": "subagent_185", "response_timestamp": 1775538868.736468, "duration_ms": 9357}