{"request_timestamp": 1775538593.1150231, "iteration": 106, "type": "subagent", "prefix": "subagent_106", "response_timestamp": 1775538597.3911848, "duration_ms": 4276}