{"request_timestamp": 1775538808.455363, "iteration": 173, "type": "subagent", "prefix": "subagent_173", "response_timestamp": 1775538810.758462, "duration_ms": 2303}