{"request_timestamp": 1775538577.0156841, "iteration": 102, "type": "subagent", "prefix": "subagent_102", "response_timestamp": 1775538579.843755, "duration_ms": 2828}