{"request_timestamp": 1775538554.8241081, "iteration": 94, "type": "subagent", "prefix": "subagent_094", "response_timestamp": 1775538558.37663, "duration_ms": 3553}