{"request_timestamp": 1775538672.924559, "iteration": 133, "type": "subagent", "prefix": "subagent_133", "response_timestamp": 1775538677.756292, "duration_ms": 4832}