{"request_timestamp": 1775538446.2372851, "iteration": 57, "type": "subagent", "prefix": "subagent_057", "response_timestamp": 1775538448.115615, "duration_ms": 1878}