{"request_timestamp": 1775538747.583615, "iteration": 153, "type": "subagent", "prefix": "subagent_153", "response_timestamp": 1775538750.6287591, "duration_ms": 3045}