{"request_timestamp": 1775538777.264009, "iteration": 164, "type": "subagent", "prefix": "subagent_164", "response_timestamp": 1775538779.8862379, "duration_ms": 2622}