{"request_timestamp": 1775538388.940767, "iteration": 35, "type": "subagent", "prefix": "subagent_035", "response_timestamp": 1775538396.235851, "duration_ms": 7295}