{"request_timestamp": 1775538381.9823859, "iteration": 31, "type": "subagent", "prefix": "subagent_031", "response_timestamp": 1775538383.905403, "duration_ms": 1923}