{"request_timestamp": 1775538436.4415622, "iteration": 54, "type": "subagent", "prefix": "subagent_054", "response_timestamp": 1775538439.8145978, "duration_ms": 3373}