{"request_timestamp": 1775538498.989131, "iteration": 79, "type": "subagent", "prefix": "subagent_079", "response_timestamp": 1775538502.686222, "duration_ms": 3697}