{"request_timestamp": 1775538456.514333, "iteration": 64, "type": "subagent", "prefix": "subagent_064", "response_timestamp": 1775538460.020772, "duration_ms": 3506}