{"request_timestamp": 1775538407.4166348, "iteration": 42, "type": "subagent", "prefix": "subagent_042", "response_timestamp": 1775538410.1155682, "duration_ms": 2699}