{"request_timestamp": 1775538421.383735, "iteration": 47, "type": "subagent", "prefix": "subagent_047", "response_timestamp": 1775538423.114497, "duration_ms": 1731}