{"request_timestamp": 1775538340.949263, "iteration": 13, "type": "subagent", "prefix": "subagent_013", "response_timestamp": 1775538343.258153, "duration_ms": 2309}