{"request_timestamp": 1775538782.883456, "iteration": 166, "type": "subagent", "prefix": "subagent_166", "response_timestamp": 1775538785.080508, "duration_ms": 2197}