{"request_timestamp": 1775538856.545862, "iteration": 184, "type": "subagent", "prefix": "subagent_184", "response_timestamp": 1775538859.368138, "duration_ms": 2822}