{"request_timestamp": 1775538454.268768, "iteration": 63, "type": "subagent", "prefix": "subagent_063", "response_timestamp": 1775538456.502399, "duration_ms": 2234}