{"request_timestamp": 1775538483.556545, "iteration": 73, "type": "subagent", "prefix": "subagent_073", "response_timestamp": 1775538486.228357, "duration_ms": 2672}