{"request_timestamp": 1775538603.155982, "iteration": 109, "type": "subagent", "prefix": "subagent_109", "response_timestamp": 1775538608.161553, "duration_ms": 5006}