{"request_timestamp": 1775538590.980033, "iteration": 105, "type": "subagent", "prefix": "subagent_105", "response_timestamp": 1775538593.1026518, "duration_ms": 2123}