{"request_timestamp": 1775538463.088898, "iteration": 67, "type": "subagent", "prefix": "subagent_067", "response_timestamp": 1775538466.887739, "duration_ms": 3799}