{"request_timestamp": 1775538727.4481258, "iteration": 149, "type": "subagent", "prefix": "subagent_149", "response_timestamp": 1775538729.468431, "duration_ms": 2020}