{"request_timestamp": 1775538332.659596, "iteration": 9, "type": "subagent", "prefix": "subagent_009", "response_timestamp": 1775538334.590969, "duration_ms": 1931}