{"request_timestamp": 1775538653.999306, "iteration": 125, "type": "subagent", "prefix": "subagent_125", "response_timestamp": 1775538656.800757, "duration_ms": 2801}