{"request_timestamp": 1775538403.569155, "iteration": 40, "type": "subagent", "prefix": "subagent_040", "response_timestamp": 1775538405.436024, "duration_ms": 1867}