{"request_timestamp": 1775538766.623749, "iteration": 161, "type": "subagent", "prefix": "subagent_161", "response_timestamp": 1775538774.844192, "duration_ms": 8220}