{"request_timestamp": 1775538443.4814248, "iteration": 56, "type": "subagent", "prefix": "subagent_056", "response_timestamp": 1775538446.21707, "duration_ms": 2736}