{"request_timestamp": 1775538694.217416, "iteration": 138, "type": "subagent", "prefix": "subagent_138", "response_timestamp": 1775538696.939978, "duration_ms": 2723}