{"request_timestamp": 1775538753.454324, "iteration": 157, "type": "subagent", "prefix": "subagent_157", "response_timestamp": 1775538756.484428, "duration_ms": 3030}