{"request_timestamp": 1775538568.273643, "iteration": 99, "type": "subagent", "prefix": "subagent_099", "response_timestamp": 1775538572.010741, "duration_ms": 3737}