{"request_timestamp": 1775538904.814997, "iteration": 193, "type": "subagent", "prefix": "subagent_193", "response_timestamp": 1775538907.388381, "duration_ms": 2573}