{"request_timestamp": 1775538919.52302, "iteration": 196, "type": "subagent", "prefix": "subagent_196", "response_timestamp": 1775538922.682245, "duration_ms": 3159}