{"request_timestamp": 1775538743.029954, "iteration": 152, "type": "subagent", "prefix": "subagent_152", "response_timestamp": 1775538747.575726, "duration_ms": 4546}