{"request_timestamp": 1775538759.414134, "iteration": 159, "type": "subagent", "prefix": "subagent_159", "response_timestamp": 1775538762.3288908, "duration_ms": 2915}