{"request_timestamp": 1775538677.768013, "iteration": 134, "type": "subagent", "prefix": "subagent_134", "response_timestamp": 1775538681.0275772, "duration_ms": 3260}