{"request_timestamp": 1775538283.63345, "iteration": 3, "type": "subagent", "prefix": "subagent_003", "response_timestamp": 1775538288.576951, "duration_ms": 4944}