{"request_timestamp": 1775538750.645709, "iteration": 154, "type": "subagent", "prefix": "subagent_154", "response_timestamp": 1775538752.732414, "duration_ms": 2087}