{"request_timestamp": 1775538414.463001, "iteration": 45, "type": "subagent", "prefix": "subagent_045", "response_timestamp": 1775538417.959622, "duration_ms": 3497}