{"request_timestamp": 1775538350.620432, "iteration": 17, "type": "subagent", "prefix": "subagent_017", "response_timestamp": 1775538353.390208, "duration_ms": 2770}