{"request_timestamp": 1775538681.0403981, "iteration": 135, "type": "subagent", "prefix": "subagent_135", "response_timestamp": 1775538689.280859, "duration_ms": 8240}