{"request_timestamp": 1775538824.395989, "iteration": 180, "type": "subagent", "prefix": "subagent_180", "response_timestamp": 1775538827.059486, "duration_ms": 2663}