{"request_timestamp": 1775538729.483226, "iteration": 150, "type": "subagent", "prefix": "subagent_150", "response_timestamp": 1775538740.360932, "duration_ms": 10878}