{"request_timestamp": 1775538597.4157069, "iteration": 107, "type": "subagent", "prefix": "subagent_107", "response_timestamp": 1775538600.896168, "duration_ms": 3480}