{"request_timestamp": 1775538540.402998, "iteration": 89, "type": "subagent", "prefix": "subagent_089", "response_timestamp": 1775538544.6154509, "duration_ms": 4212}