{"request_timestamp": 1775538707.650861, "iteration": 142, "type": "subagent", "prefix": "subagent_142", "response_timestamp": 1775538711.427176, "duration_ms": 3776}