{"request_timestamp": 1775538505.288672, "iteration": 81, "type": "subagent", "prefix": "subagent_081", "response_timestamp": 1775538507.615011, "duration_ms": 2326}