{"request_timestamp": 1775538810.777202, "iteration": 174, "type": "subagent", "prefix": "subagent_174", "response_timestamp": 1775538812.857078, "duration_ms": 2080}