{"request_timestamp": 1775538527.3018408, "iteration": 87, "type": "subagent", "prefix": "subagent_087", "response_timestamp": 1775538530.190165, "duration_ms": 2888}