{"request_timestamp": 1775538489.191822, "iteration": 75, "type": "subagent", "prefix": "subagent_075", "response_timestamp": 1775538493.109292, "duration_ms": 3917}