{"request_timestamp": 1775538298.497561, "iteration": 7, "type": "subagent", "prefix": "subagent_007", "response_timestamp": 1775538306.321731, "duration_ms": 7824}