{"request_timestamp": 1775538650.569918, "iteration": 124, "type": "subagent", "prefix": "subagent_124", "response_timestamp": 1775538653.987481, "duration_ms": 3418}