{"request_timestamp": 1775538802.224461, "iteration": 171, "type": "subagent", "prefix": "subagent_171", "response_timestamp": 1775538806.2004302, "duration_ms": 3976}