{"request_timestamp": 1775538367.0979881, "iteration": 26, "type": "subagent", "prefix": "subagent_026", "response_timestamp": 1775538368.770019, "duration_ms": 1672}