{"request_timestamp": 1775538383.918985, "iteration": 32, "type": "subagent", "prefix": "subagent_032", "response_timestamp": 1775538385.815867, "duration_ms": 1897}