{"request_timestamp": 1775538547.062811, "iteration": 91, "type": "subagent", "prefix": "subagent_091", "response_timestamp": 1775538550.053813, "duration_ms": 2991}