{"request_timestamp": 1775538714.46838, "iteration": 144, "type": "subagent", "prefix": "subagent_144", "response_timestamp": 1775538717.865099, "duration_ms": 3397}