{"request_timestamp": 1775538509.846287, "iteration": 83, "type": "subagent", "prefix": "subagent_083", "response_timestamp": 1775538518.219302, "duration_ms": 8373}