{"request_timestamp": 1775538721.8779662, "iteration": 147, "type": "subagent", "prefix": "subagent_147", "response_timestamp": 1775538724.185432, "duration_ms": 2307}