{"request_timestamp": 1775538410.133903, "iteration": 43, "type": "subagent", "prefix": "subagent_043", "response_timestamp": 1775538412.2722502, "duration_ms": 2138}