{"request_timestamp": 1775538699.1696901, "iteration": 140, "type": "subagent", "prefix": "subagent_140", "response_timestamp": 1775538704.544248, "duration_ms": 5375}