{"request_timestamp": 1775538689.888257, "iteration": 137, "type": "subagent", "prefix": "subagent_137", "response_timestamp": 1775538694.201138, "duration_ms": 4313}