{"request_timestamp": 1775538507.6261828, "iteration": 82, "type": "subagent", "prefix": "subagent_082", "response_timestamp": 1775538509.8276238, "duration_ms": 2201}