{"request_timestamp": 1775538821.457129, "iteration": 178, "type": "subagent", "prefix": "subagent_178", "response_timestamp": 1775538824.031921, "duration_ms": 2575}