{"request_timestamp": 1775538704.559061, "iteration": 141, "type": "subagent", "prefix": "subagent_141", "response_timestamp": 1775538707.639393, "duration_ms": 3080}