{"request_timestamp": 1775538657.1905038, "iteration": 127, "type": "subagent", "prefix": "subagent_127", "response_timestamp": 1775538660.239786, "duration_ms": 3049}