{"request_timestamp": 1775538362.854262, "iteration": 21, "type": "subagent", "prefix": "subagent_021", "response_timestamp": 1775538365.369637, "duration_ms": 2515}