{"request_timestamp": 1775538608.172859, "iteration": 110, "type": "subagent", "prefix": "subagent_110", "response_timestamp": 1775538610.4707541, "duration_ms": 2298}