{"request_timestamp": 1775538470.236578, "iteration": 69, "type": "subagent", "prefix": "subagent_069", "response_timestamp": 1775538473.8408582, "duration_ms": 3604}