{"request_timestamp": 1775538379.9835489, "iteration": 30, "type": "subagent", "prefix": "subagent_030", "response_timestamp": 1775538381.961589, "duration_ms": 1978}