{"request_timestamp": 1775538875.608692, "iteration": 189, "type": "subagent", "prefix": "subagent_189", "response_timestamp": 1775538888.2838411, "duration_ms": 12675}