{"request_timestamp": 1775538572.020015, "iteration": 100, "type": "subagent", "prefix": "subagent_100", "response_timestamp": 1775538574.879613, "duration_ms": 2860}