{"request_timestamp": 1775538339.0776992, "iteration": 12, "type": "subagent", "prefix": "subagent_012", "response_timestamp": 1775538340.937531, "duration_ms": 1860}