{"request_timestamp": 1775538796.573371, "iteration": 169, "type": "subagent", "prefix": "subagent_169", "response_timestamp": 1775538799.4604979, "duration_ms": 2887}