{"request_timestamp": 1775538293.320819, "iteration": 5, "type": "subagent", "prefix": "subagent_005", "response_timestamp": 1775538296.2066681, "duration_ms": 2886}