{"request_timestamp": 1775538478.387039, "iteration": 71, "type": "subagent", "prefix": "subagent_071", "response_timestamp": 1775538480.621452, "duration_ms": 2234}