{"request_timestamp": 1775538431.6496582, "iteration": 52, "type": "subagent", "prefix": "subagent_052", "response_timestamp": 1775538434.199355, "duration_ms": 2550}