{"request_timestamp": 1775538977.916769, "iteration": 208, "type": "subagent", "prefix": "subagent_208", "response_timestamp": 1775538989.704865, "duration_ms": 11788}