{"request_timestamp": 1775538740.3723679, "iteration": 151, "type": "subagent", "prefix": "subagent_151", "response_timestamp": 1775538743.02226, "duration_ms": 2650}