{"request_timestamp": 1775538633.5495539, "iteration": 120, "type": "subagent", "prefix": "subagent_120", "response_timestamp": 1775538636.485696, "duration_ms": 2936}