{"request_timestamp": 1775538630.393779, "iteration": 119, "type": "subagent", "prefix": "subagent_119", "response_timestamp": 1775538633.5421178, "duration_ms": 3148}