{"request_timestamp": 1775538550.063912, "iteration": 92, "type": "subagent", "prefix": "subagent_092", "response_timestamp": 1775538552.970284, "duration_ms": 2906}