{"request_timestamp": 1775538815.206484, "iteration": 176, "type": "subagent", "prefix": "subagent_176", "response_timestamp": 1775538818.263459, "duration_ms": 3057}