{"request_timestamp": 1775538530.2035441, "iteration": 88, "type": "subagent", "prefix": "subagent_088", "response_timestamp": 1775538540.3892212, "duration_ms": 10186}