{"request_timestamp": 1775538907.4148679, "iteration": 194, "type": "subagent", "prefix": "subagent_194", "response_timestamp": 1775538912.804615, "duration_ms": 5390}