{"request_timestamp": 1775538626.612229, "iteration": 118, "type": "subagent", "prefix": "subagent_118", "response_timestamp": 1775538630.381126, "duration_ms": 3769}