{"request_timestamp": 1775538518.235392, "iteration": 84, "type": "subagent", "prefix": "subagent_084", "response_timestamp": 1775538521.139585, "duration_ms": 2904}