{"request_timestamp": 1775538827.082874, "iteration": 181, "type": "subagent", "prefix": "subagent_181", "response_timestamp": 1775538850.484948, "duration_ms": 23402}