{"request_timestamp": 1775538374.5544882, "iteration": 29, "type": "subagent", "prefix": "subagent_029", "response_timestamp": 1775538379.962218, "duration_ms": 5408}