{"request_timestamp": 1775538579.854927, "iteration": 103, "type": "subagent", "prefix": "subagent_103", "response_timestamp": 1775538587.608659, "duration_ms": 7754}