{"request_timestamp": 1775538929.112318, "iteration": 198, "type": "subagent", "prefix": "subagent_198", "response_timestamp": 1775538935.88616, "duration_ms": 6774}