{"request_timestamp": 1775538636.49941, "iteration": 121, "type": "subagent", "prefix": "subagent_121", "response_timestamp": 1775538647.3426309, "duration_ms": 10843}