{"request_timestamp": 1775538348.3127072, "iteration": 16, "type": "subagent", "prefix": "subagent_016", "response_timestamp": 1775538350.598829, "duration_ms": 2286}