{"request_timestamp": 1775609980.566825, "iteration": 18, "type": "agent", "prefix": "agent_018", "response_timestamp": 1775609992.817049, "duration_ms": 12250}