{"request_timestamp": 1775609847.941529, "iteration": 17, "type": "agent", "prefix": "agent_017", "response_timestamp": 1775609860.433991, "duration_ms": 12492}