{"request_timestamp": 1775609731.0055418, "iteration": 10, "type": "agent", "prefix": "agent_010", "response_timestamp": 1775609740.056299, "duration_ms": 9051}