{"request_timestamp": 1775609749.3792582, "iteration": 12, "type": "agent", "prefix": "agent_012", "response_timestamp": 1775609758.07876, "duration_ms": 8700}