{"request_timestamp": 1775609770.0372522, "iteration": 13, "type": "agent", "prefix": "agent_013", "response_timestamp": 1775609783.735374, "duration_ms": 13698}