{"request_timestamp": 1775609636.8410811, "iteration": 5, "type": "agent", "prefix": "agent_005", "response_timestamp": 1775609670.600415, "duration_ms": 33759}