{"request_timestamp": 1775609683.6480849, "iteration": 7, "type": "agent", "prefix": "agent_007", "response_timestamp": 1775609698.463913, "duration_ms": 14816}