{"request_timestamp": 1775609698.512806, "iteration": 8, "type": "agent", "prefix": "agent_008", "response_timestamp": 1775609716.6752052, "duration_ms": 18162}