{"request_timestamp": 1775609603.504341, "iteration": 3, "type": "agent", "prefix": "agent_003", "response_timestamp": 1775609611.2371662, "duration_ms": 7733}