{"request_timestamp": 1775609798.358689, "iteration": 14, "type": "agent", "prefix": "agent_014", "response_timestamp": 1775609808.772799, "duration_ms": 10414}