{"request_timestamp": 1775609823.850501, "iteration": 16, "type": "agent", "prefix": "agent_016", "response_timestamp": 1775609835.665767, "duration_ms": 11815}