{"request_timestamp": 1775609670.648417, "iteration": 6, "type": "agent", "prefix": "agent_006", "response_timestamp": 1775609683.594066, "duration_ms": 12946}