{"request_timestamp": 1775609814.428242, "iteration": 15, "type": "agent", "prefix": "agent_015", "response_timestamp": 1775609823.477912, "duration_ms": 9050}