{"request_timestamp": 1775609595.866945, "iteration": 2, "type": "agent", "prefix": "agent_002", "response_timestamp": 1775609603.387608, "duration_ms": 7521}