{"request_timestamp": 1775609717.131906, "iteration": 9, "type": "agent", "prefix": "agent_009", "response_timestamp": 1775609729.8979259, "duration_ms": 12766}