{"request_timestamp": 1775609587.357198, "iteration": 1, "type": "agent", "prefix": "agent_001", "response_timestamp": 1775609595.593162, "duration_ms": 8236}