{"request_timestamp": 1775609623.8838348, "iteration": 4, "type": "agent", "prefix": "agent_004", "response_timestamp": 1775609636.791681, "duration_ms": 12908}