{"request_timestamp": 1775609740.1509812, "iteration": 11, "type": "agent", "prefix": "agent_011", "response_timestamp": 1775609749.274952, "duration_ms": 9124}