{"request_timestamp": 1775578785.8472981, "iteration": 78, "type": "agent", "prefix": "agent_078", "response_timestamp": 1775578895.469794, "duration_ms": 109622}