{"request_timestamp": 1775579357.885313, "iteration": 81, "type": "agent", "prefix": "agent_081", "response_timestamp": 1775579370.8169181, "duration_ms": 12932}