{"request_timestamp": 1775579200.355204, "iteration": 80, "type": "agent", "prefix": "agent_080", "response_timestamp": 1775579357.746795, "duration_ms": 157392}