{"request_timestamp": 1775578486.556257, "iteration": 1, "type": "agent", "prefix": "agent_001", "response_timestamp": 1775578501.9793248, "duration_ms": 15423}