{"request_timestamp": 1775578551.851398, "iteration": 29, "type": "internal", "prefix": "internal_029", "response_timestamp": 1775578552.18031, "duration_ms": 329}