{"request_timestamp": 1775578595.86126, "iteration": 48, "type": "internal", "prefix": "internal_048", "response_timestamp": 1775578596.2228868, "duration_ms": 362}