{"request_timestamp": 1775578560.311743, "iteration": 33, "type": "internal", "prefix": "internal_033", "response_timestamp": 1775578560.652709, "duration_ms": 341}