{"request_timestamp": 1775578596.2258508, "iteration": 49, "type": "internal", "prefix": "internal_049", "response_timestamp": 1775578596.556012, "duration_ms": 330}