{"request_timestamp": 1775578542.309331, "iteration": 22, "type": "internal", "prefix": "internal_022", "response_timestamp": 1775578542.743167, "duration_ms": 434}