{"request_timestamp": 1775578551.1393979, "iteration": 27, "type": "internal", "prefix": "internal_027", "response_timestamp": 1775578551.469043, "duration_ms": 330}