{"request_timestamp": 1775578551.474923, "iteration": 28, "type": "internal", "prefix": "internal_028", "response_timestamp": 1775578551.8488991, "duration_ms": 374}