{"request_timestamp": 1775578584.344021, "iteration": 42, "type": "internal", "prefix": "internal_042", "response_timestamp": 1775578584.744168, "duration_ms": 400}