{"request_timestamp": 1775578539.20818, "iteration": 20, "type": "internal", "prefix": "internal_020", "response_timestamp": 1775578539.503472, "duration_ms": 295}