{"request_timestamp": 1775578665.56663, "iteration": 61, "type": "subagent", "prefix": "subagent_061", "response_timestamp": 1775578667.1300101, "duration_ms": 1563}