{"request_timestamp": 1775578609.868097, "iteration": 55, "type": "subagent", "prefix": "subagent_055", "response_timestamp": 1775578653.371617, "duration_ms": 43504}