{"request_timestamp": 1775578517.655031, "iteration": 10, "type": "subagent", "prefix": "subagent_010", "response_timestamp": 1775578519.768439, "duration_ms": 2113}