{"request_timestamp": 1775578593.324641, "iteration": 47, "type": "subagent", "prefix": "subagent_047", "response_timestamp": 1775578595.85818, "duration_ms": 2534}