{"request_timestamp": 1775578516.260433, "iteration": 9, "type": "subagent", "prefix": "subagent_009", "response_timestamp": 1775578517.641385, "duration_ms": 1381}