{"request_timestamp": 1775578736.417012, "iteration": 71, "type": "subagent", "prefix": "subagent_071", "response_timestamp": 1775578738.3047721, "duration_ms": 1888}