{"request_timestamp": 1775578605.261846, "iteration": 53, "type": "subagent", "prefix": "subagent_053", "response_timestamp": 1775578607.09764, "duration_ms": 1836}