{"request_timestamp": 1775578607.108507, "iteration": 54, "type": "subagent", "prefix": "subagent_054", "response_timestamp": 1775578609.853337, "duration_ms": 2745}