{"request_timestamp": 1775578558.1044428, "iteration": 32, "type": "subagent", "prefix": "subagent_032", "response_timestamp": 1775578560.305226, "duration_ms": 2201}