{"request_timestamp": 1775578669.173255, "iteration": 63, "type": "subagent", "prefix": "subagent_063", "response_timestamp": 1775578671.022617, "duration_ms": 1849}