{"request_timestamp": 1775578548.892282, "iteration": 26, "type": "subagent", "prefix": "subagent_026", "response_timestamp": 1775578551.134646, "duration_ms": 2242}