{"request_timestamp": 1775578671.035601, "iteration": 64, "type": "subagent", "prefix": "subagent_064", "response_timestamp": 1775578673.623033, "duration_ms": 2587}