{"request_timestamp": 1775578577.940526, "iteration": 39, "type": "subagent", "prefix": "subagent_039", "response_timestamp": 1775578580.26976, "duration_ms": 2329}