{"request_timestamp": 1775578530.807095, "iteration": 17, "type": "subagent", "prefix": "subagent_017", "response_timestamp": 1775578533.1805172, "duration_ms": 2373}