{"request_timestamp": 1775578582.273379, "iteration": 41, "type": "subagent", "prefix": "subagent_041", "response_timestamp": 1775578584.34098, "duration_ms": 2068}