{"request_timestamp": 1775578544.546437, "iteration": 24, "type": "subagent", "prefix": "subagent_024", "response_timestamp": 1775578546.434259, "duration_ms": 1888}