{"request_timestamp": 1775578678.613759, "iteration": 67, "type": "subagent", "prefix": "subagent_067", "response_timestamp": 1775578680.740714, "duration_ms": 2127}