{"request_timestamp": 1775578663.150051, "iteration": 60, "type": "subagent", "prefix": "subagent_060", "response_timestamp": 1775578665.541089, "duration_ms": 2391}