{"request_timestamp": 1775578744.990189, "iteration": 75, "type": "subagent", "prefix": "subagent_075", "response_timestamp": 1775578747.117244, "duration_ms": 2127}