{"request_timestamp": 1775578554.636321, "iteration": 31, "type": "subagent", "prefix": "subagent_031", "response_timestamp": 1775578558.092484, "duration_ms": 3456}