{"request_timestamp": 1775578658.7833972, "iteration": 58, "type": "subagent", "prefix": "subagent_058", "response_timestamp": 1775578660.979357, "duration_ms": 2196}