{"request_timestamp": 1775578512.157991, "iteration": 7, "type": "subagent", "prefix": "subagent_007", "response_timestamp": 1775578514.957501, "duration_ms": 2800}