{"request_timestamp": 1775578747.144459, "iteration": 76, "type": "subagent", "prefix": "subagent_076", "response_timestamp": 1775578750.2358441, "duration_ms": 3091}