{"request_timestamp": 1775578587.321727, "iteration": 44, "type": "subagent", "prefix": "subagent_044", "response_timestamp": 1775578589.437978, "duration_ms": 2116}