{"request_timestamp": 1775578501.989846, "iteration": 2, "type": "subagent", "prefix": "subagent_002", "response_timestamp": 1775578503.946323, "duration_ms": 1956}