{"request_timestamp": 1775578750.2699661, "iteration": 77, "type": "subagent", "prefix": "subagent_077", "response_timestamp": 1775578785.7711449, "duration_ms": 35501}