{"request_timestamp": 1775578552.2146251, "iteration": 30, "type": "subagent", "prefix": "subagent_030", "response_timestamp": 1775578554.625365, "duration_ms": 2411}