{"request_timestamp": 1775578660.9947362, "iteration": 59, "type": "subagent", "prefix": "subagent_059", "response_timestamp": 1775578663.134271, "duration_ms": 2140}