{"request_timestamp": 1775578740.753412, "iteration": 73, "type": "subagent", "prefix": "subagent_073", "response_timestamp": 1775578742.632355, "duration_ms": 1879}