{"request_timestamp": 1775578653.417591, "iteration": 56, "type": "subagent", "prefix": "subagent_056", "response_timestamp": 1775578656.308974, "duration_ms": 2891}