{"request_timestamp": 1775578505.9233332, "iteration": 4, "type": "subagent", "prefix": "subagent_004", "response_timestamp": 1775578507.442132, "duration_ms": 1519}