{"request_timestamp": 1775578546.4462311, "iteration": 25, "type": "subagent", "prefix": "subagent_025", "response_timestamp": 1775578548.878218, "duration_ms": 2432}