{"request_timestamp": 1775578742.651327, "iteration": 74, "type": "subagent", "prefix": "subagent_074", "response_timestamp": 1775578744.954023, "duration_ms": 2303}