{"request_timestamp": 1775578522.17983, "iteration": 12, "type": "subagent", "prefix": "subagent_012", "response_timestamp": 1775578524.393951, "duration_ms": 2214}