{"request_timestamp": 1775578601.828186, "iteration": 52, "type": "subagent", "prefix": "subagent_052", "response_timestamp": 1775578605.2461371, "duration_ms": 3418}