{"request_timestamp": 1775578589.451179, "iteration": 45, "type": "subagent", "prefix": "subagent_045", "response_timestamp": 1775578591.613617, "duration_ms": 2162}