{"request_timestamp": 1775578567.396276, "iteration": 35, "type": "subagent", "prefix": "subagent_035", "response_timestamp": 1775578570.244475, "duration_ms": 2848}