{"request_timestamp": 1775578584.756439, "iteration": 43, "type": "subagent", "prefix": "subagent_043", "response_timestamp": 1775578587.3101811, "duration_ms": 2554}