{"request_timestamp": 1775578680.7568462, "iteration": 68, "type": "subagent", "prefix": "subagent_068", "response_timestamp": 1775578729.05613, "duration_ms": 48299}