{"request_timestamp": 1775578560.664512, "iteration": 34, "type": "subagent", "prefix": "subagent_034", "response_timestamp": 1775578567.3851688, "duration_ms": 6721}