{"request_timestamp": 1775578733.265645, "iteration": 70, "type": "subagent", "prefix": "subagent_070", "response_timestamp": 1775578736.387458, "duration_ms": 3122}