{"request_timestamp": 1775578575.582952, "iteration": 38, "type": "subagent", "prefix": "subagent_038", "response_timestamp": 1775578577.9298089, "duration_ms": 2347}