{"request_timestamp": 1775578596.5670102, "iteration": 50, "type": "subagent", "prefix": "subagent_050", "response_timestamp": 1775578598.221218, "duration_ms": 1654}