{"request_timestamp": 1775578528.3934872, "iteration": 16, "type": "subagent", "prefix": "subagent_016", "response_timestamp": 1775578530.796606, "duration_ms": 2403}