{"request_timestamp": 1775578509.353261, "iteration": 6, "type": "subagent", "prefix": "subagent_006", "response_timestamp": 1775578512.143043, "duration_ms": 2790}