{"request_timestamp": 1775578535.427766, "iteration": 19, "type": "subagent", "prefix": "subagent_019", "response_timestamp": 1775578539.2021089, "duration_ms": 3774}