{"request_timestamp": 1775578572.754774, "iteration": 37, "type": "subagent", "prefix": "subagent_037", "response_timestamp": 1775578575.571703, "duration_ms": 2817}