{"request_timestamp": 1775578598.241237, "iteration": 51, "type": "subagent", "prefix": "subagent_051", "response_timestamp": 1775578601.814543, "duration_ms": 3573}