{"request_timestamp": 1775578519.782184, "iteration": 11, "type": "subagent", "prefix": "subagent_011", "response_timestamp": 1775578522.1658409, "duration_ms": 2384}