{"request_timestamp": 1775578542.755906, "iteration": 23, "type": "subagent", "prefix": "subagent_023", "response_timestamp": 1775578544.534879, "duration_ms": 1779}