{"request_timestamp": 1775578667.1460428, "iteration": 62, "type": "subagent", "prefix": "subagent_062", "response_timestamp": 1775578669.1628082, "duration_ms": 2017}