{"request_timestamp": 1775578503.955401, "iteration": 3, "type": "subagent", "prefix": "subagent_003", "response_timestamp": 1775578505.9082391, "duration_ms": 1953}