{"request_timestamp": 1775578591.6316118, "iteration": 46, "type": "subagent", "prefix": "subagent_046", "response_timestamp": 1775578593.305163, "duration_ms": 1674}