{"request_timestamp": 1775578524.404355, "iteration": 13, "type": "subagent", "prefix": "subagent_013", "response_timestamp": 1775578525.7034612, "duration_ms": 1299}