{"request_timestamp": 1775578539.5142112, "iteration": 21, "type": "subagent", "prefix": "subagent_021", "response_timestamp": 1775578542.307254, "duration_ms": 2793}