{"request_timestamp": 1775578673.6336482, "iteration": 65, "type": "subagent", "prefix": "subagent_065", "response_timestamp": 1775578676.093649, "duration_ms": 2460}