{"request_timestamp": 1775578676.1056619, "iteration": 66, "type": "subagent", "prefix": "subagent_066", "response_timestamp": 1775578678.5919402, "duration_ms": 2486}