{"request_timestamp": 1775578514.9699998, "iteration": 8, "type": "subagent", "prefix": "subagent_008", "response_timestamp": 1775578516.249738, "duration_ms": 1280}