{"request_timestamp": 1775578729.080401, "iteration": 69, "type": "subagent", "prefix": "subagent_069", "response_timestamp": 1775578733.182192, "duration_ms": 4102}