{"request_timestamp": 1775578580.2809432, "iteration": 40, "type": "subagent", "prefix": "subagent_040", "response_timestamp": 1775578582.261545, "duration_ms": 1981}