{"request_timestamp": 1775578525.7151942, "iteration": 14, "type": "subagent", "prefix": "subagent_014", "response_timestamp": 1775578527.818144, "duration_ms": 2103}