{"request_timestamp": 1775578738.344259, "iteration": 72, "type": "subagent", "prefix": "subagent_072", "response_timestamp": 1775578740.719624, "duration_ms": 2375}