{"request_timestamp": 1775578533.189918, "iteration": 18, "type": "subagent", "prefix": "subagent_018", "response_timestamp": 1775578535.406958, "duration_ms": 2217}