{"request_timestamp": 1775578570.254435, "iteration": 36, "type": "subagent", "prefix": "subagent_036", "response_timestamp": 1775578572.741698, "duration_ms": 2487}