{"request_timestamp": 1775578656.334947, "iteration": 57, "type": "subagent", "prefix": "subagent_057", "response_timestamp": 1775578658.771827, "duration_ms": 2437}