{"request_timestamp": 1775578507.452103, "iteration": 5, "type": "subagent", "prefix": "subagent_005", "response_timestamp": 1775578509.342716, "duration_ms": 1891}