{"request_timestamp": 1775592279.8037171, "iteration": 1, "type": "agent", "prefix": "agent_001", "response_timestamp": 1775592289.524895, "duration_ms": 9721}