{"request_timestamp": 1775537925.615416, "iteration": 1, "type": "agent", "prefix": "agent_001", "response_timestamp": 1775537939.556958, "duration_ms": 13942}