{"request_timestamp": 1775538019.164588, "iteration": 19, "type": "agent", "prefix": "agent_019", "response_timestamp": 1775538042.106425, "duration_ms": 22942}