{"request_timestamp": 1775537962.901089, "iteration": 7, "type": "internal", "prefix": "internal_007", "response_timestamp": 1775537963.224125, "duration_ms": 323}