{"request_timestamp": 1775538000.416529, "iteration": 15, "type": "internal", "prefix": "internal_015", "response_timestamp": 1775538000.80037, "duration_ms": 384}