{"request_timestamp": 1775538000.802648, "iteration": 16, "type": "internal", "prefix": "internal_016", "response_timestamp": 1775538001.194869, "duration_ms": 392}