{"request_timestamp": 1775537956.0470169, "iteration": 6, "type": "subagent", "prefix": "subagent_006", "response_timestamp": 1775537962.897413, "duration_ms": 6850}