{"request_timestamp": 1775537996.4009228, "iteration": 13, "type": "subagent", "prefix": "subagent_013", "response_timestamp": 1775537998.586566, "duration_ms": 2186}