{"request_timestamp": 1775538001.207808, "iteration": 17, "type": "subagent", "prefix": "subagent_017", "response_timestamp": 1775538007.7923782, "duration_ms": 6585}