{"request_timestamp": 1775537946.792923, "iteration": 4, "type": "subagent", "prefix": "subagent_004", "response_timestamp": 1775537949.224222, "duration_ms": 2431}