{"request_timestamp": 1775538007.80249, "iteration": 18, "type": "subagent", "prefix": "subagent_018", "response_timestamp": 1775538019.148103, "duration_ms": 11346}