{"request_timestamp": 1775537998.595808, "iteration": 14, "type": "subagent", "prefix": "subagent_014", "response_timestamp": 1775538000.412742, "duration_ms": 1817}