{"request_timestamp": 1775537971.458878, "iteration": 10, "type": "subagent", "prefix": "subagent_010", "response_timestamp": 1775537974.3078122, "duration_ms": 2849}