{"request_timestamp": 1775537944.379222, "iteration": 3, "type": "subagent", "prefix": "subagent_003", "response_timestamp": 1775537946.7797272, "duration_ms": 2401}