{"request_timestamp": 1775537974.314931, "iteration": 11, "type": "subagent", "prefix": "subagent_011", "response_timestamp": 1775537975.545457, "duration_ms": 1231}