{"request_timestamp": 1775537975.560638, "iteration": 12, "type": "subagent", "prefix": "subagent_012", "response_timestamp": 1775537996.388065, "duration_ms": 20827}