{"request_timestamp": 1775537965.3986812, "iteration": 9, "type": "subagent", "prefix": "subagent_009", "response_timestamp": 1775537971.444483, "duration_ms": 6046}