{"request_timestamp": 1775537939.567561, "iteration": 2, "type": "subagent", "prefix": "subagent_002", "response_timestamp": 1775537944.370139, "duration_ms": 4803}