{"request_timestamp": 1775537963.2336152, "iteration": 8, "type": "subagent", "prefix": "subagent_008", "response_timestamp": 1775537965.388725, "duration_ms": 2155}