{"request_timestamp": 1775537949.229195, "iteration": 5, "type": "subagent", "prefix": "subagent_005", "response_timestamp": 1775537956.044462, "duration_ms": 6815}