{"request_timestamp": 1775592810.888022, "iteration": 1, "type": "agent", "prefix": "agent_001", "response_timestamp": 1775592824.9737542, "duration_ms": 14086}