{"request_timestamp": 1775541315.1124108, "iteration": 27, "type": "agent", "prefix": "agent_027", "response_timestamp": 1775541424.904943, "duration_ms": 109793}