{"request_timestamp": 1775541298.633059, "iteration": 25, "type": "agent", "prefix": "agent_025", "response_timestamp": 1775541306.50158, "duration_ms": 7869}