{"request_timestamp": 1775541290.804168, "iteration": 24, "type": "agent", "prefix": "agent_024", "response_timestamp": 1775541298.6156428, "duration_ms": 7811}