{"request_timestamp": 1775541424.9519029, "iteration": 28, "type": "agent", "prefix": "agent_028", "response_timestamp": 1775541644.777227, "duration_ms": 219825}