{"request_timestamp": 1775541306.523969, "iteration": 26, "type": "agent", "prefix": "agent_026", "response_timestamp": 1775541315.083241, "duration_ms": 8559}