{"request_timestamp": 1775541154.263211, "iteration": 1, "type": "agent", "prefix": "agent_001", "response_timestamp": 1775541167.697093, "duration_ms": 13434}