{"request_timestamp": 1775541644.8638551, "iteration": 29, "type": "agent", "prefix": "agent_029", "response_timestamp": 1775541657.346865, "duration_ms": 12483}