{"request_timestamp": 1775541176.001469, "iteration": 5, "type": "subagent", "prefix": "subagent_005", "response_timestamp": 1775541179.02976, "duration_ms": 3028}