{"request_timestamp": 1775541237.4733388, "iteration": 22, "type": "subagent", "prefix": "subagent_022", "response_timestamp": 1775541240.7466722, "duration_ms": 3273}