{"request_timestamp": 1775541225.363606, "iteration": 19, "type": "subagent", "prefix": "subagent_019", "response_timestamp": 1775541228.84599, "duration_ms": 3482}