{"request_timestamp": 1775541202.627671, "iteration": 13, "type": "subagent", "prefix": "subagent_013", "response_timestamp": 1775541206.3782358, "duration_ms": 3751}