{"request_timestamp": 1775541167.714764, "iteration": 2, "type": "subagent", "prefix": "subagent_002", "response_timestamp": 1775541169.910768, "duration_ms": 2196}