{"request_timestamp": 1775541182.1887271, "iteration": 7, "type": "subagent", "prefix": "subagent_007", "response_timestamp": 1775541184.775927, "duration_ms": 2587}