{"request_timestamp": 1775541209.538393, "iteration": 15, "type": "subagent", "prefix": "subagent_015", "response_timestamp": 1775541212.615745, "duration_ms": 3077}