{"request_timestamp": 1775541172.389531, "iteration": 4, "type": "subagent", "prefix": "subagent_004", "response_timestamp": 1775541175.9842508, "duration_ms": 3595}