{"request_timestamp": 1775541233.041068, "iteration": 21, "type": "subagent", "prefix": "subagent_021", "response_timestamp": 1775541237.427219, "duration_ms": 4386}