{"request_timestamp": 1775541228.8943338, "iteration": 20, "type": "subagent", "prefix": "subagent_020", "response_timestamp": 1775541232.996812, "duration_ms": 4102}