{"request_timestamp": 1775541212.871399, "iteration": 16, "type": "subagent", "prefix": "subagent_016", "response_timestamp": 1775541215.989728, "duration_ms": 3118}