{"request_timestamp": 1775541240.841048, "iteration": 23, "type": "subagent", "prefix": "subagent_023", "response_timestamp": 1775541290.7586539, "duration_ms": 49918}