{"request_timestamp": 1775541219.9651809, "iteration": 18, "type": "subagent", "prefix": "subagent_018", "response_timestamp": 1775541225.34109, "duration_ms": 5376}