{"request_timestamp": 1775541184.8704782, "iteration": 8, "type": "subagent", "prefix": "subagent_008", "response_timestamp": 1775541187.9096498, "duration_ms": 3039}