{"request_timestamp": 1775541187.927944, "iteration": 9, "type": "subagent", "prefix": "subagent_009", "response_timestamp": 1775541191.711596, "duration_ms": 3784}