{"request_timestamp": 1775541170.126677, "iteration": 3, "type": "subagent", "prefix": "subagent_003", "response_timestamp": 1775541172.358908, "duration_ms": 2232}