{"request_timestamp": 1775541191.7387211, "iteration": 10, "type": "subagent", "prefix": "subagent_010", "response_timestamp": 1775541195.992419, "duration_ms": 4254}