{"request_timestamp": 1775541199.3678122, "iteration": 12, "type": "subagent", "prefix": "subagent_012", "response_timestamp": 1775541202.6061492, "duration_ms": 3238}