{"request_timestamp": 1775541216.031182, "iteration": 17, "type": "subagent", "prefix": "subagent_017", "response_timestamp": 1775541219.945972, "duration_ms": 3915}