{"request_timestamp": 1775541179.121078, "iteration": 6, "type": "subagent", "prefix": "subagent_006", "response_timestamp": 1775541182.136056, "duration_ms": 3015}