{"request_timestamp": 1775541206.4052942, "iteration": 14, "type": "subagent", "prefix": "subagent_014", "response_timestamp": 1775541209.438868, "duration_ms": 3034}