{"request_timestamp": 1775541196.017322, "iteration": 11, "type": "subagent", "prefix": "subagent_011", "response_timestamp": 1775541199.344973, "duration_ms": 3328}