{"request_timestamp": 1775540854.866034, "iteration": 1, "type": "agent", "prefix": "agent_001", "response_timestamp": 1775540864.509942, "duration_ms": 9644}