{"request_timestamp": 1775540987.309015, "iteration": 44, "type": "agent", "prefix": "agent_044", "response_timestamp": 1775541028.409427, "duration_ms": 41100}