{"request_timestamp": 1775540909.9196758, "iteration": 25, "type": "internal", "prefix": "internal_025", "response_timestamp": 1775540910.366424, "duration_ms": 447}