{"request_timestamp": 1775540934.799076, "iteration": 38, "type": "internal", "prefix": "internal_038", "response_timestamp": 1775540935.088844, "duration_ms": 290}