{"request_timestamp": 1775540900.452021, "iteration": 20, "type": "internal", "prefix": "internal_020", "response_timestamp": 1775540900.9111512, "duration_ms": 459}