{"request_timestamp": 1775540879.260509, "iteration": 9, "type": "internal", "prefix": "internal_009", "response_timestamp": 1775540879.618345, "duration_ms": 358}