{"request_timestamp": 1775540929.964755, "iteration": 35, "type": "internal", "prefix": "internal_035", "response_timestamp": 1775540930.228446, "duration_ms": 264}