{"request_timestamp": 1775540874.561066, "iteration": 6, "type": "subagent", "prefix": "subagent_006", "response_timestamp": 1775540876.009931, "duration_ms": 1449}