{"request_timestamp": 1775540869.1741068, "iteration": 4, "type": "subagent", "prefix": "subagent_004", "response_timestamp": 1775540872.8008041, "duration_ms": 3627}