{"request_timestamp": 1775540940.210169, "iteration": 41, "type": "subagent", "prefix": "subagent_041", "response_timestamp": 1775540942.610188, "duration_ms": 2400}