{"request_timestamp": 1775540895.28034, "iteration": 18, "type": "subagent", "prefix": "subagent_018", "response_timestamp": 1775540898.0334861, "duration_ms": 2753}