{"request_timestamp": 1775540932.9592378, "iteration": 37, "type": "subagent", "prefix": "subagent_037", "response_timestamp": 1775540934.793438, "duration_ms": 1834}