{"request_timestamp": 1775540867.000779, "iteration": 3, "type": "subagent", "prefix": "subagent_003", "response_timestamp": 1775540869.136663, "duration_ms": 2136}