{"request_timestamp": 1775540923.742542, "iteration": 32, "type": "subagent", "prefix": "subagent_032", "response_timestamp": 1775540926.0829089, "duration_ms": 2340}