{"request_timestamp": 1775540919.679623, "iteration": 30, "type": "subagent", "prefix": "subagent_030", "response_timestamp": 1775540922.104342, "duration_ms": 2425}