{"request_timestamp": 1775540864.5216599, "iteration": 2, "type": "subagent", "prefix": "subagent_002", "response_timestamp": 1775540866.582106, "duration_ms": 2060}