{"request_timestamp": 1775540910.4259222, "iteration": 26, "type": "subagent", "prefix": "subagent_026", "response_timestamp": 1775540912.798471, "duration_ms": 2373}