{"request_timestamp": 1775540917.510168, "iteration": 29, "type": "subagent", "prefix": "subagent_029", "response_timestamp": 1775540919.658581, "duration_ms": 2148}