{"request_timestamp": 1775540926.1026711, "iteration": 33, "type": "subagent", "prefix": "subagent_033", "response_timestamp": 1775540928.3790631, "duration_ms": 2276}