{"request_timestamp": 1775540915.0043871, "iteration": 28, "type": "subagent", "prefix": "subagent_028", "response_timestamp": 1775540917.4698648, "duration_ms": 2465}