{"request_timestamp": 1775540887.1349099, "iteration": 14, "type": "subagent", "prefix": "subagent_014", "response_timestamp": 1775540888.692769, "duration_ms": 1558}