{"request_timestamp": 1775540906.0529542, "iteration": 23, "type": "subagent", "prefix": "subagent_023", "response_timestamp": 1775540908.317282, "duration_ms": 2264}