{"request_timestamp": 1775540898.0694559, "iteration": 19, "type": "subagent", "prefix": "subagent_019", "response_timestamp": 1775540900.435477, "duration_ms": 2366}