{"request_timestamp": 1775540877.550478, "iteration": 8, "type": "subagent", "prefix": "subagent_008", "response_timestamp": 1775540879.248121, "duration_ms": 1698}