{"request_timestamp": 1775540922.142014, "iteration": 31, "type": "subagent", "prefix": "subagent_031", "response_timestamp": 1775540923.723408, "duration_ms": 1581}