{"request_timestamp": 1775540912.8395169, "iteration": 27, "type": "subagent", "prefix": "subagent_027", "response_timestamp": 1775540914.91829, "duration_ms": 2079}