{"request_timestamp": 1775540944.480544, "iteration": 43, "type": "subagent", "prefix": "subagent_043", "response_timestamp": 1775540987.257113, "duration_ms": 42777}