{"request_timestamp": 1775540935.109597, "iteration": 39, "type": "subagent", "prefix": "subagent_039", "response_timestamp": 1775540938.251071, "duration_ms": 3141}