{"request_timestamp": 1775540890.708699, "iteration": 16, "type": "subagent", "prefix": "subagent_016", "response_timestamp": 1775540893.4929512, "duration_ms": 2784}