{"request_timestamp": 1775540872.832265, "iteration": 5, "type": "subagent", "prefix": "subagent_005", "response_timestamp": 1775540874.537712, "duration_ms": 1705}