{"request_timestamp": 1775540883.529343, "iteration": 12, "type": "subagent", "prefix": "subagent_012", "response_timestamp": 1775540885.5694149, "duration_ms": 2040}