{"request_timestamp": 1775540942.6533601, "iteration": 42, "type": "subagent", "prefix": "subagent_042", "response_timestamp": 1775540944.454564, "duration_ms": 1801}