{"request_timestamp": 1775540879.629438, "iteration": 10, "type": "subagent", "prefix": "subagent_010", "response_timestamp": 1775540881.396828, "duration_ms": 1767}