{"request_timestamp": 1775540876.0398872, "iteration": 7, "type": "subagent", "prefix": "subagent_007", "response_timestamp": 1775540877.5237849, "duration_ms": 1484}