{"request_timestamp": 1775540900.9416351, "iteration": 21, "type": "subagent", "prefix": "subagent_021", "response_timestamp": 1775540903.287483, "duration_ms": 2346}