{"request_timestamp": 1775540930.2528389, "iteration": 36, "type": "subagent", "prefix": "subagent_036", "response_timestamp": 1775540932.919296, "duration_ms": 2666}