{"request_timestamp": 1775540903.312858, "iteration": 22, "type": "subagent", "prefix": "subagent_022", "response_timestamp": 1775540906.035512, "duration_ms": 2723}