{"request_timestamp": 1775540938.291276, "iteration": 40, "type": "subagent", "prefix": "subagent_040", "response_timestamp": 1775540940.191863, "duration_ms": 1901}