{"request_timestamp": 1775540908.377219, "iteration": 24, "type": "subagent", "prefix": "subagent_024", "response_timestamp": 1775540909.901341, "duration_ms": 1524}