{"request_timestamp": 1775540881.414172, "iteration": 11, "type": "subagent", "prefix": "subagent_011", "response_timestamp": 1775540883.485465, "duration_ms": 2071}