{"request_timestamp": 1775540928.412643, "iteration": 34, "type": "subagent", "prefix": "subagent_034", "response_timestamp": 1775540929.9558249, "duration_ms": 1543}