{"request_timestamp": 1775540885.594687, "iteration": 13, "type": "subagent", "prefix": "subagent_013", "response_timestamp": 1775540887.107559, "duration_ms": 1513}