{"request_timestamp": 1775540893.543197, "iteration": 17, "type": "subagent", "prefix": "subagent_017", "response_timestamp": 1775540895.245997, "duration_ms": 1703}