{"request_timestamp": 1775540888.720341, "iteration": 15, "type": "subagent", "prefix": "subagent_015", "response_timestamp": 1775540890.6790102, "duration_ms": 1959}