{"request_timestamp": 1775586873.619664, "iteration": 1, "type": "agent", "prefix": "agent_001", "response_timestamp": 1775586879.231991, "duration_ms": 5612}