{"request_timestamp": 1775587391.7736719, "iteration": 34, "type": "agent", "prefix": "agent_034", "response_timestamp": 1775587414.523073, "duration_ms": 22749}