{"request_timestamp": 1775587379.397357, "iteration": 32, "type": "agent", "prefix": "agent_032", "response_timestamp": 1775587383.086238, "duration_ms": 3689}