{"request_timestamp": 1775587371.96976, "iteration": 31, "type": "agent", "prefix": "agent_031", "response_timestamp": 1775587379.358849, "duration_ms": 7389}