{"request_timestamp": 1775586892.250751, "iteration": 7, "type": "agent", "prefix": "agent_007", "response_timestamp": 1775586903.669924, "duration_ms": 11419}