{"request_timestamp": 1775587383.1315231, "iteration": 33, "type": "agent", "prefix": "agent_033", "response_timestamp": 1775587391.726825, "duration_ms": 8595}