{"request_timestamp": 1775586993.3875551, "iteration": 16, "type": "internal", "prefix": "internal_016", "response_timestamp": 1775586993.870668, "duration_ms": 483}