{"request_timestamp": 1775587000.1750112, "iteration": 18, "type": "internal", "prefix": "internal_018", "response_timestamp": 1775587000.500066, "duration_ms": 325}