{"request_timestamp": 1775586927.701812, "iteration": 12, "type": "internal", "prefix": "internal_012", "response_timestamp": 1775586928.102859, "duration_ms": 401}