{"request_timestamp": 1775586881.358293, "iteration": 3, "type": "subagent", "prefix": "subagent_003", "response_timestamp": 1775586883.534053, "duration_ms": 2176}