{"request_timestamp": 1775586903.677996, "iteration": 8, "type": "subagent", "prefix": "subagent_008", "response_timestamp": 1775586907.925418, "duration_ms": 4247}