{"request_timestamp": 1775587000.5155551, "iteration": 19, "type": "subagent", "prefix": "subagent_019", "response_timestamp": 1775587007.5563982, "duration_ms": 7041}