{"request_timestamp": 1775587330.255156, "iteration": 29, "type": "subagent", "prefix": "subagent_029", "response_timestamp": 1775587333.934628, "duration_ms": 3679}