{"request_timestamp": 1775587319.825984, "iteration": 27, "type": "subagent", "prefix": "subagent_027", "response_timestamp": 1775587323.747172, "duration_ms": 3921}