{"request_timestamp": 1775586879.2497458, "iteration": 2, "type": "subagent", "prefix": "subagent_002", "response_timestamp": 1775586881.262357, "duration_ms": 2013}