{"request_timestamp": 1775586937.059459, "iteration": 14, "type": "subagent", "prefix": "subagent_014", "response_timestamp": 1775586940.710783, "duration_ms": 3651}