{"request_timestamp": 1775586917.4414778, "iteration": 11, "type": "subagent", "prefix": "subagent_011", "response_timestamp": 1775586927.694262, "duration_ms": 10253}