{"request_timestamp": 1775586928.120068, "iteration": 13, "type": "subagent", "prefix": "subagent_013", "response_timestamp": 1775586937.04921, "duration_ms": 8929}