{"request_timestamp": 1775587007.581776, "iteration": 20, "type": "subagent", "prefix": "subagent_020", "response_timestamp": 1775587108.585429, "duration_ms": 101004}