{"request_timestamp": 1775587108.654895, "iteration": 21, "type": "subagent", "prefix": "subagent_021", "response_timestamp": 1775587235.0147278, "duration_ms": 126360}