{"request_timestamp": 1775586887.59484, "iteration": 6, "type": "subagent", "prefix": "subagent_006", "response_timestamp": 1775586892.232418, "duration_ms": 4638}