{"request_timestamp": 1775587333.9678779, "iteration": 30, "type": "subagent", "prefix": "subagent_030", "response_timestamp": 1775587371.887403, "duration_ms": 37920}