{"request_timestamp": 1775587294.468501, "iteration": 25, "type": "subagent", "prefix": "subagent_025", "response_timestamp": 1775587306.1137831, "duration_ms": 11645}