{"request_timestamp": 1775586993.925376, "iteration": 17, "type": "subagent", "prefix": "subagent_017", "response_timestamp": 1775587000.163269, "duration_ms": 6238}