{"request_timestamp": 1775586885.9296992, "iteration": 5, "type": "subagent", "prefix": "subagent_005", "response_timestamp": 1775586887.561423, "duration_ms": 1632}