{"request_timestamp": 1775586907.934908, "iteration": 9, "type": "subagent", "prefix": "subagent_009", "response_timestamp": 1775586913.9429262, "duration_ms": 6008}