{"request_timestamp": 1775587270.760156, "iteration": 23, "type": "subagent", "prefix": "subagent_023", "response_timestamp": 1775587282.151566, "duration_ms": 11391}