{"request_timestamp": 1775586913.953111, "iteration": 10, "type": "subagent", "prefix": "subagent_010", "response_timestamp": 1775586917.425864, "duration_ms": 3473}