{"request_timestamp": 1775587306.2208261, "iteration": 26, "type": "subagent", "prefix": "subagent_026", "response_timestamp": 1775587319.787148, "duration_ms": 13566}