{"request_timestamp": 1775587282.174308, "iteration": 24, "type": "subagent", "prefix": "subagent_024", "response_timestamp": 1775587294.43394, "duration_ms": 12260}