{"request_timestamp": 1775586883.5645518, "iteration": 4, "type": "subagent", "prefix": "subagent_004", "response_timestamp": 1775586885.908718, "duration_ms": 2344}