{"request_timestamp": 1775586940.72929, "iteration": 15, "type": "subagent", "prefix": "subagent_015", "response_timestamp": 1775586993.379879, "duration_ms": 52651}