{"request_timestamp": 1775587323.8016791, "iteration": 28, "type": "subagent", "prefix": "subagent_028", "response_timestamp": 1775587330.228976, "duration_ms": 6427}