{"request_timestamp": 1775610756.163439, "iteration": 4, "type": "agent", "prefix": "agent_004", "response_timestamp": 1775610762.533206, "duration_ms": 6370}