{"request_timestamp": 1775610864.037314, "iteration": 19, "type": "agent", "prefix": "agent_019", "response_timestamp": 1775610873.776646, "duration_ms": 9739}