{"request_timestamp": 1775610828.683614, "iteration": 14, "type": "agent", "prefix": "agent_014", "response_timestamp": 1775610836.757376, "duration_ms": 8074}