{"request_timestamp": 1775610815.885843, "iteration": 13, "type": "agent", "prefix": "agent_013", "response_timestamp": 1775610827.287748, "duration_ms": 11402}