{"request_timestamp": 1775610810.434569, "iteration": 12, "type": "agent", "prefix": "agent_012", "response_timestamp": 1775610815.8673558, "duration_ms": 5433}