{"request_timestamp": 1775610800.6007419, "iteration": 11, "type": "agent", "prefix": "agent_011", "response_timestamp": 1775610809.318461, "duration_ms": 8718}