{"request_timestamp": 1775610743.353628, "iteration": 1, "type": "agent", "prefix": "agent_001", "response_timestamp": 1775610751.687954, "duration_ms": 8334}