{"request_timestamp": 1775610762.612326, "iteration": 5, "type": "agent", "prefix": "agent_005", "response_timestamp": 1775610772.837846, "duration_ms": 10226}