{"request_timestamp": 1775610839.903042, "iteration": 15, "type": "agent", "prefix": "agent_015", "response_timestamp": 1775610846.524676, "duration_ms": 6622}