{"request_timestamp": 1775610772.8476129, "iteration": 6, "type": "subagent", "prefix": "subagent_006", "response_timestamp": 1775610775.9761379, "duration_ms": 3129}