{"request_timestamp": 1775610784.541656, "iteration": 9, "type": "subagent", "prefix": "subagent_009", "response_timestamp": 1775610791.1250198, "duration_ms": 6583}