{"request_timestamp": 1775610780.804806, "iteration": 8, "type": "subagent", "prefix": "subagent_008", "response_timestamp": 1775610784.517764, "duration_ms": 3713}