{"request_timestamp": 1775624834.7181718, "iteration": 21, "type": "agent", "prefix": "agent_021", "response_timestamp": 1775624838.226866, "duration_ms": 3509}