{"request_timestamp": 1775624908.560669, "iteration": 29, "type": "agent", "prefix": "agent_029", "response_timestamp": 1775624958.0310369, "duration_ms": 49470}