{"request_timestamp": 1775624841.249281, "iteration": 23, "type": "agent", "prefix": "agent_023", "response_timestamp": 1775624847.280651, "duration_ms": 6031}