{"request_timestamp": 1775624831.766083, "iteration": 20, "type": "agent", "prefix": "agent_020", "response_timestamp": 1775624834.6989272, "duration_ms": 2933}