{"request_timestamp": 1775624736.686313, "iteration": 1, "type": "agent", "prefix": "agent_001", "response_timestamp": 1775624751.039606, "duration_ms": 14353}