{"request_timestamp": 1775624855.5889852, "iteration": 26, "type": "agent", "prefix": "agent_026", "response_timestamp": 1775624859.220286, "duration_ms": 3631}