{"request_timestamp": 1775624859.2531981, "iteration": 27, "type": "agent", "prefix": "agent_027", "response_timestamp": 1775624861.604767, "duration_ms": 2352}