{"request_timestamp": 1775624851.260756, "iteration": 25, "type": "agent", "prefix": "agent_025", "response_timestamp": 1775624855.5632498, "duration_ms": 4302}