{"request_timestamp": 1775624958.0819352, "iteration": 30, "type": "agent", "prefix": "agent_030", "response_timestamp": 1775625061.848276, "duration_ms": 103766}