{"request_timestamp": 1775624861.632756, "iteration": 28, "type": "agent", "prefix": "agent_028", "response_timestamp": 1775624908.4915981, "duration_ms": 46859}