{"request_timestamp": 1775624827.690573, "iteration": 19, "type": "agent", "prefix": "agent_019", "response_timestamp": 1775624831.750852, "duration_ms": 4060}