{"request_timestamp": 1775625061.9438238, "iteration": 31, "type": "agent", "prefix": "agent_031", "response_timestamp": 1775625064.040707, "duration_ms": 2097}