{"request_timestamp": 1775625064.055107, "iteration": 32, "type": "agent", "prefix": "agent_032", "response_timestamp": 1775625075.9174342, "duration_ms": 11862}