{"request_timestamp": 1775624847.30865, "iteration": 24, "type": "agent", "prefix": "agent_024", "response_timestamp": 1775624851.210908, "duration_ms": 3902}