{"request_timestamp": 1775624808.2185721, "iteration": 17, "type": "agent", "prefix": "agent_017", "response_timestamp": 1775624827.353919, "duration_ms": 19135}