{"request_timestamp": 1775624827.366071, "iteration": 18, "type": "internal", "prefix": "internal_018", "response_timestamp": 1775624827.676756, "duration_ms": 311}