{"request_timestamp": 1775624759.940922, "iteration": 5, "type": "subagent", "prefix": "subagent_005", "response_timestamp": 1775624762.72721, "duration_ms": 2786}