{"request_timestamp": 1775624756.875247, "iteration": 4, "type": "subagent", "prefix": "subagent_004", "response_timestamp": 1775624759.888891, "duration_ms": 3014}