{"request_timestamp": 1775624768.461652, "iteration": 8, "type": "subagent", "prefix": "subagent_008", "response_timestamp": 1775624771.5184379, "duration_ms": 3057}