{"request_timestamp": 1775624784.137981, "iteration": 13, "type": "subagent", "prefix": "subagent_013", "response_timestamp": 1775624786.9842381, "duration_ms": 2846}