{"request_timestamp": 1775624771.565857, "iteration": 9, "type": "subagent", "prefix": "subagent_009", "response_timestamp": 1775624774.7310562, "duration_ms": 3165}