{"request_timestamp": 1775624762.7646148, "iteration": 6, "type": "subagent", "prefix": "subagent_006", "response_timestamp": 1775624765.490112, "duration_ms": 2725}