{"request_timestamp": 1775624765.5382552, "iteration": 7, "type": "subagent", "prefix": "subagent_007", "response_timestamp": 1775624768.4250398, "duration_ms": 2887}