{"request_timestamp": 1775624778.177151, "iteration": 11, "type": "subagent", "prefix": "subagent_011", "response_timestamp": 1775624781.229344, "duration_ms": 3052}