{"request_timestamp": 1775624791.208265, "iteration": 16, "type": "subagent", "prefix": "subagent_016", "response_timestamp": 1775624808.147796, "duration_ms": 16940}