{"request_timestamp": 1775624754.0650399, "iteration": 3, "type": "subagent", "prefix": "subagent_003", "response_timestamp": 1775624756.83938, "duration_ms": 2774}