{"request_timestamp": 1775624787.026529, "iteration": 14, "type": "subagent", "prefix": "subagent_014", "response_timestamp": 1775624789.163242, "duration_ms": 2137}