{"request_timestamp": 1775624751.0573099, "iteration": 2, "type": "subagent", "prefix": "subagent_002", "response_timestamp": 1775624753.6661792, "duration_ms": 2609}