{"request_timestamp": 1775624781.305844, "iteration": 12, "type": "subagent", "prefix": "subagent_012", "response_timestamp": 1775624784.094424, "duration_ms": 2789}