{"request_timestamp": 1775624789.22628, "iteration": 15, "type": "subagent", "prefix": "subagent_015", "response_timestamp": 1775624791.17886, "duration_ms": 1953}