{"request_timestamp": 1775624774.7810419, "iteration": 10, "type": "subagent", "prefix": "subagent_010", "response_timestamp": 1775624778.12869, "duration_ms": 3348}