{"request_timestamp": 1775579970.938514, "iteration": 32, "type": "agent", "prefix": "agent_032", "response_timestamp": 1775579976.899604, "duration_ms": 5961}