{"request_timestamp": 1775580006.5793548, "iteration": 35, "type": "agent", "prefix": "agent_035", "response_timestamp": 1775580010.857451, "duration_ms": 4278}