{"request_timestamp": 1775579929.957518, "iteration": 29, "type": "agent", "prefix": "agent_029", "response_timestamp": 1775579933.965995, "duration_ms": 4008}