{"request_timestamp": 1775579924.775537, "iteration": 28, "type": "agent", "prefix": "agent_028", "response_timestamp": 1775579929.9232981, "duration_ms": 5148}