{"request_timestamp": 1775579920.244427, "iteration": 27, "type": "agent", "prefix": "agent_027", "response_timestamp": 1775579924.753658, "duration_ms": 4509}