{"request_timestamp": 1775580066.8554251, "iteration": 45, "type": "agent", "prefix": "agent_045", "response_timestamp": 1775580071.7210739, "duration_ms": 4866}