{"request_timestamp": 1775580015.6581771, "iteration": 37, "type": "agent", "prefix": "agent_037", "response_timestamp": 1775580020.1034062, "duration_ms": 4445}