{"request_timestamp": 1775579913.780204, "iteration": 25, "type": "agent", "prefix": "agent_025", "response_timestamp": 1775579919.8308742, "duration_ms": 6051}