{"request_timestamp": 1775579808.572191, "iteration": 1, "type": "agent", "prefix": "agent_001", "response_timestamp": 1775579815.8126879, "duration_ms": 7240}