{"request_timestamp": 1775580037.2427058, "iteration": 41, "type": "agent", "prefix": "agent_041", "response_timestamp": 1775580041.666948, "duration_ms": 4424}