{"request_timestamp": 1775580075.587338, "iteration": 47, "type": "agent", "prefix": "agent_047", "response_timestamp": 1775580079.168582, "duration_ms": 3581}