{"request_timestamp": 1775580084.374173, "iteration": 49, "type": "agent", "prefix": "agent_049", "response_timestamp": 1775580096.122106, "duration_ms": 11748}