{"request_timestamp": 1775579903.049776, "iteration": 23, "type": "agent", "prefix": "agent_023", "response_timestamp": 1775579908.427999, "duration_ms": 5378}