{"request_timestamp": 1775580071.795476, "iteration": 46, "type": "agent", "prefix": "agent_046", "response_timestamp": 1775580074.787937, "duration_ms": 2992}