{"request_timestamp": 1775580080.622098, "iteration": 48, "type": "agent", "prefix": "agent_048", "response_timestamp": 1775580084.35654, "duration_ms": 3734}