{"request_timestamp": 1775580023.8082602, "iteration": 39, "type": "agent", "prefix": "agent_039", "response_timestamp": 1775580026.711545, "duration_ms": 2903}