{"request_timestamp": 1775579980.906214, "iteration": 34, "type": "agent", "prefix": "agent_034", "response_timestamp": 1775580006.51558, "duration_ms": 25609}