{"request_timestamp": 1775579908.455213, "iteration": 24, "type": "agent", "prefix": "agent_024", "response_timestamp": 1775579913.696461, "duration_ms": 5241}