{"request_timestamp": 1775580020.144664, "iteration": 38, "type": "agent", "prefix": "agent_038", "response_timestamp": 1775580023.772071, "duration_ms": 3627}