{"request_timestamp": 1775580048.507159, "iteration": 42, "type": "agent", "prefix": "agent_042", "response_timestamp": 1775580052.6256971, "duration_ms": 4119}