{"request_timestamp": 1775580029.843789, "iteration": 40, "type": "agent", "prefix": "agent_040", "response_timestamp": 1775580033.5039191, "duration_ms": 3660}