{"request_timestamp": 1775580063.08436, "iteration": 44, "type": "agent", "prefix": "agent_044", "response_timestamp": 1775580066.5683851, "duration_ms": 3484}