{"request_timestamp": 1775579937.826856, "iteration": 31, "type": "agent", "prefix": "agent_031", "response_timestamp": 1775579970.8676128, "duration_ms": 33041}