{"request_timestamp": 1775580010.8877308, "iteration": 36, "type": "agent", "prefix": "agent_036", "response_timestamp": 1775580015.633606, "duration_ms": 4746}