{"request_timestamp": 1775579934.026247, "iteration": 30, "type": "agent", "prefix": "agent_030", "response_timestamp": 1775579937.790365, "duration_ms": 3764}