{"request_timestamp": 1775580056.080945, "iteration": 43, "type": "agent", "prefix": "agent_043", "response_timestamp": 1775580061.561419, "duration_ms": 5480}