{"request_timestamp": 1775579976.921292, "iteration": 33, "type": "agent", "prefix": "agent_033", "response_timestamp": 1775579980.8876522, "duration_ms": 3966}