{"request_timestamp": 1775579919.846864, "iteration": 26, "type": "internal", "prefix": "internal_026", "response_timestamp": 1775579920.220341, "duration_ms": 373}