{"request_timestamp": 1775579849.456106, "iteration": 13, "type": "subagent", "prefix": "subagent_013", "response_timestamp": 1775579852.852418, "duration_ms": 3396}