{"request_timestamp": 1775579858.196147, "iteration": 16, "type": "subagent", "prefix": "subagent_016", "response_timestamp": 1775579860.495567, "duration_ms": 2299}