{"request_timestamp": 1775579860.514206, "iteration": 17, "type": "subagent", "prefix": "subagent_017", "response_timestamp": 1775579863.5960152, "duration_ms": 3082}