{"request_timestamp": 1775579829.4867158, "iteration": 7, "type": "subagent", "prefix": "subagent_007", "response_timestamp": 1775579832.515605, "duration_ms": 3029}