{"request_timestamp": 1775579874.743808, "iteration": 21, "type": "subagent", "prefix": "subagent_021", "response_timestamp": 1775579877.7573602, "duration_ms": 3014}