{"request_timestamp": 1775579852.868278, "iteration": 14, "type": "subagent", "prefix": "subagent_014", "response_timestamp": 1775579856.5243258, "duration_ms": 3656}