{"request_timestamp": 1775579870.41518, "iteration": 20, "type": "subagent", "prefix": "subagent_020", "response_timestamp": 1775579874.702765, "duration_ms": 4288}