{"request_timestamp": 1775579877.793869, "iteration": 22, "type": "subagent", "prefix": "subagent_022", "response_timestamp": 1775579902.999895, "duration_ms": 25206}