{"request_timestamp": 1775579832.53399, "iteration": 8, "type": "subagent", "prefix": "subagent_008", "response_timestamp": 1775579834.9276218, "duration_ms": 2394}