{"request_timestamp": 1775579845.828619, "iteration": 12, "type": "subagent", "prefix": "subagent_012", "response_timestamp": 1775579849.421346, "duration_ms": 3593}