{"request_timestamp": 1775579840.71025, "iteration": 11, "type": "subagent", "prefix": "subagent_011", "response_timestamp": 1775579845.81495, "duration_ms": 5105}