{"request_timestamp": 1775579825.2702641, "iteration": 5, "type": "subagent", "prefix": "subagent_005", "response_timestamp": 1775579826.7711701, "duration_ms": 1501}