{"request_timestamp": 1775579834.961328, "iteration": 9, "type": "subagent", "prefix": "subagent_009", "response_timestamp": 1775579837.5420449, "duration_ms": 2581}