{"request_timestamp": 1775579837.593007, "iteration": 10, "type": "subagent", "prefix": "subagent_010", "response_timestamp": 1775579840.59312, "duration_ms": 3000}