{"request_timestamp": 1775579815.8284328, "iteration": 2, "type": "subagent", "prefix": "subagent_002", "response_timestamp": 1775579818.445175, "duration_ms": 2617}