{"request_timestamp": 1775579818.9075022, "iteration": 3, "type": "subagent", "prefix": "subagent_003", "response_timestamp": 1775579821.919699, "duration_ms": 3012}