{"request_timestamp": 1775579856.559249, "iteration": 15, "type": "subagent", "prefix": "subagent_015", "response_timestamp": 1775579858.161812, "duration_ms": 1603}