{"request_timestamp": 1775579865.855489, "iteration": 19, "type": "subagent", "prefix": "subagent_019", "response_timestamp": 1775579870.3305888, "duration_ms": 4475}