{"request_timestamp": 1775579826.874959, "iteration": 6, "type": "subagent", "prefix": "subagent_006", "response_timestamp": 1775579829.4529788, "duration_ms": 2578}