{"request_timestamp": 1775579863.655346, "iteration": 18, "type": "subagent", "prefix": "subagent_018", "response_timestamp": 1775579865.841704, "duration_ms": 2186}