{"request_timestamp": 1775579821.952956, "iteration": 4, "type": "subagent", "prefix": "subagent_004", "response_timestamp": 1775579825.236835, "duration_ms": 3284}