{"request_timestamp": 1775610791.1396182, "iteration": 10, "type": "agent", "prefix": "agent_010", "response_timestamp": 1775610797.240244, "duration_ms": 6101}