{"request_timestamp": 1775610882.088709, "iteration": 22, "type": "agent", "prefix": "agent_022", "response_timestamp": 1775610890.798149, "duration_ms": 8709}