{"request_timestamp": 1775610846.5435379, "iteration": 16, "type": "agent", "prefix": "agent_016", "response_timestamp": 1775610862.417145, "duration_ms": 15874}