{"request_timestamp": 1775611041.9672298, "iteration": 30, "type": "agent", "prefix": "agent_030", "response_timestamp": 1775611054.4856782, "duration_ms": 12518}