{"request_timestamp": 1775610873.837025, "iteration": 20, "type": "agent", "prefix": "agent_020", "response_timestamp": 1775610881.462527, "duration_ms": 7626}