{"request_timestamp": 1775610891.6879191, "iteration": 24, "type": "agent", "prefix": "agent_024", "response_timestamp": 1775610906.6683252, "duration_ms": 14980}