{"request_timestamp": 1775611055.133019, "iteration": 32, "type": "agent", "prefix": "agent_032", "response_timestamp": 1775611072.284756, "duration_ms": 17152}