{"request_timestamp": 1775610751.6975338, "iteration": 2, "type": "agent", "prefix": "agent_002", "response_timestamp": 1775610755.667454, "duration_ms": 3970}