{"request_timestamp": 1775611002.2148821, "iteration": 26, "type": "agent", "prefix": "agent_026", "response_timestamp": 1775611014.4579709, "duration_ms": 12243}