{"request_timestamp": 1775611027.687915, "iteration": 28, "type": "agent", "prefix": "agent_028", "response_timestamp": 1775611041.3213382, "duration_ms": 13633}