{"request_timestamp": 1775611054.567285, "iteration": 31, "type": "internal", "prefix": "internal_031", "response_timestamp": 1775611055.0744882, "duration_ms": 507}