{"request_timestamp": 1775610862.659909, "iteration": 17, "type": "internal", "prefix": "internal_017", "response_timestamp": 1775610863.460064, "duration_ms": 800}