{"request_timestamp": 1775610863.462038, "iteration": 18, "type": "internal", "prefix": "internal_018", "response_timestamp": 1775610863.985156, "duration_ms": 523}