{"request_timestamp": 1775611041.32416, "iteration": 29, "type": "internal", "prefix": "internal_029", "response_timestamp": 1775611041.894484, "duration_ms": 570}