{"request_timestamp": 1775611026.742789, "iteration": 27, "type": "internal", "prefix": "internal_027", "response_timestamp": 1775611027.589918, "duration_ms": 847}