{"request_timestamp": 1775610881.46617, "iteration": 21, "type": "internal", "prefix": "internal_021", "response_timestamp": 1775610882.0117161, "duration_ms": 546}