{"request_timestamp": 1775610755.670333, "iteration": 3, "type": "internal", "prefix": "internal_003", "response_timestamp": 1775610756.151048, "duration_ms": 481}