{"request_timestamp": 1775611001.5814579, "iteration": 25, "type": "internal", "prefix": "internal_025", "response_timestamp": 1775611002.128172, "duration_ms": 547}