{"request_timestamp": 1775610776.048432, "iteration": 7, "type": "subagent", "prefix": "subagent_007", "response_timestamp": 1775610780.769081, "duration_ms": 4721}