{"request_timestamp": 1775542186.281976, "iteration": 39, "type": "agent", "prefix": "agent_039", "response_timestamp": 1775542190.2885408, "duration_ms": 4007}