{"request_timestamp": 1775542191.276764, "iteration": 41, "type": "agent", "prefix": "agent_041", "response_timestamp": 1775542198.4550772, "duration_ms": 7178}