{"request_timestamp": 1775542200.9840279, "iteration": 48, "type": "agent", "prefix": "agent_048", "response_timestamp": 1775542206.7207801, "duration_ms": 5737}