{"request_timestamp": 1775542207.403166, "iteration": 51, "type": "agent", "prefix": "agent_051", "response_timestamp": 1775542284.050965, "duration_ms": 76648}