{"request_timestamp": 1775542050.5054889, "iteration": 1, "type": "agent", "prefix": "agent_001", "response_timestamp": 1775542059.661529, "duration_ms": 9156}