{"request_timestamp": 1775542200.1677618, "iteration": 46, "type": "internal", "prefix": "internal_046", "response_timestamp": 1775542200.570965, "duration_ms": 403}