{"request_timestamp": 1775542198.460937, "iteration": 42, "type": "internal", "prefix": "internal_042", "response_timestamp": 1775542198.9201422, "duration_ms": 459}