{"request_timestamp": 1775542206.728597, "iteration": 49, "type": "internal", "prefix": "internal_049", "response_timestamp": 1775542207.073009, "duration_ms": 344}