{"request_timestamp": 1775542199.3056839, "iteration": 44, "type": "internal", "prefix": "internal_044", "response_timestamp": 1775542199.754358, "duration_ms": 449}