{"request_timestamp": 1775542207.0772438, "iteration": 50, "type": "internal", "prefix": "internal_050", "response_timestamp": 1775542207.389065, "duration_ms": 312}