{"request_timestamp": 1775542130.206343, "iteration": 37, "type": "internal", "prefix": "internal_037", "response_timestamp": 1775542130.502315, "duration_ms": 296}