{"request_timestamp": 1775542124.046962, "iteration": 34, "type": "internal", "prefix": "internal_034", "response_timestamp": 1775542124.46376, "duration_ms": 417}