{"request_timestamp": 1775542093.585516, "iteration": 18, "type": "internal", "prefix": "internal_018", "response_timestamp": 1775542093.957817, "duration_ms": 372}