{"request_timestamp": 1775542190.300957, "iteration": 40, "type": "internal", "prefix": "internal_040", "response_timestamp": 1775542191.2539608, "duration_ms": 953}