{"request_timestamp": 1775542198.9231942, "iteration": 43, "type": "internal", "prefix": "internal_043", "response_timestamp": 1775542199.3039622, "duration_ms": 381}