{"request_timestamp": 1775542096.260294, "iteration": 20, "type": "internal", "prefix": "internal_020", "response_timestamp": 1775542096.670023, "duration_ms": 410}