{"request_timestamp": 1775542200.5764349, "iteration": 47, "type": "internal", "prefix": "internal_047", "response_timestamp": 1775542200.950814, "duration_ms": 374}