{"request_timestamp": 1775542100.6961558, "iteration": 23, "type": "subagent", "prefix": "subagent_023", "response_timestamp": 1775542102.353146, "duration_ms": 1657}