{"request_timestamp": 1775542115.318509, "iteration": 30, "type": "subagent", "prefix": "subagent_030", "response_timestamp": 1775542117.8530319, "duration_ms": 2535}