{"request_timestamp": 1775542104.5420978, "iteration": 25, "type": "subagent", "prefix": "subagent_025", "response_timestamp": 1775542106.54724, "duration_ms": 2005}