{"request_timestamp": 1775542077.389239, "iteration": 10, "type": "subagent", "prefix": "subagent_010", "response_timestamp": 1775542079.290826, "duration_ms": 1902}