{"request_timestamp": 1775542102.372283, "iteration": 24, "type": "subagent", "prefix": "subagent_024", "response_timestamp": 1775542104.512976, "duration_ms": 2141}