{"request_timestamp": 1775542069.237257, "iteration": 6, "type": "subagent", "prefix": "subagent_006", "response_timestamp": 1775542070.414986, "duration_ms": 1178}