{"request_timestamp": 1775542108.7422342, "iteration": 27, "type": "subagent", "prefix": "subagent_027", "response_timestamp": 1775542111.70688, "duration_ms": 2965}