{"request_timestamp": 1775542072.336083, "iteration": 8, "type": "subagent", "prefix": "subagent_008", "response_timestamp": 1775542074.359037, "duration_ms": 2023}