{"request_timestamp": 1775542117.8735821, "iteration": 31, "type": "subagent", "prefix": "subagent_031", "response_timestamp": 1775542120.262809, "duration_ms": 2389}