{"request_timestamp": 1775542082.749367, "iteration": 13, "type": "subagent", "prefix": "subagent_013", "response_timestamp": 1775542084.885236, "duration_ms": 2136}