{"request_timestamp": 1775542079.339485, "iteration": 11, "type": "subagent", "prefix": "subagent_011", "response_timestamp": 1775542080.861463, "duration_ms": 1522}