{"request_timestamp": 1775542122.431073, "iteration": 33, "type": "subagent", "prefix": "subagent_033", "response_timestamp": 1775542124.033588, "duration_ms": 1603}