{"request_timestamp": 1775542070.433563, "iteration": 7, "type": "subagent", "prefix": "subagent_007", "response_timestamp": 1775542072.32203, "duration_ms": 1888}