{"request_timestamp": 1775542124.5158021, "iteration": 35, "type": "subagent", "prefix": "subagent_035", "response_timestamp": 1775542127.4214861, "duration_ms": 2906}