{"request_timestamp": 1775542086.166185, "iteration": 15, "type": "subagent", "prefix": "subagent_015", "response_timestamp": 1775542088.713184, "duration_ms": 2547}