{"request_timestamp": 1775542127.479316, "iteration": 36, "type": "subagent", "prefix": "subagent_036", "response_timestamp": 1775542130.203579, "duration_ms": 2724}