{"request_timestamp": 1775542061.956982, "iteration": 3, "type": "subagent", "prefix": "subagent_003", "response_timestamp": 1775542064.6902962, "duration_ms": 2733}