{"request_timestamp": 1775542106.568686, "iteration": 26, "type": "subagent", "prefix": "subagent_026", "response_timestamp": 1775542108.723547, "duration_ms": 2155}