{"request_timestamp": 1775542091.130723, "iteration": 17, "type": "subagent", "prefix": "subagent_017", "response_timestamp": 1775542093.573442, "duration_ms": 2443}