{"request_timestamp": 1775542080.89089, "iteration": 12, "type": "subagent", "prefix": "subagent_012", "response_timestamp": 1775542082.731235, "duration_ms": 1840}