{"request_timestamp": 1775542088.744985, "iteration": 16, "type": "subagent", "prefix": "subagent_016", "response_timestamp": 1775542091.117089, "duration_ms": 2372}