{"request_timestamp": 1775542066.5190558, "iteration": 5, "type": "subagent", "prefix": "subagent_005", "response_timestamp": 1775542069.2176168, "duration_ms": 2699}