{"request_timestamp": 1775542059.6815202, "iteration": 2, "type": "subagent", "prefix": "subagent_002", "response_timestamp": 1775542061.618567, "duration_ms": 1937}