{"request_timestamp": 1775542084.9057379, "iteration": 14, "type": "subagent", "prefix": "subagent_014", "response_timestamp": 1775542086.151838, "duration_ms": 1246}