{"request_timestamp": 1775542111.773676, "iteration": 28, "type": "subagent", "prefix": "subagent_028", "response_timestamp": 1775542113.170552, "duration_ms": 1397}