{"request_timestamp": 1775542130.5190022, "iteration": 38, "type": "subagent", "prefix": "subagent_038", "response_timestamp": 1775542186.2265658, "duration_ms": 55708}