{"request_timestamp": 1775542098.8377678, "iteration": 22, "type": "subagent", "prefix": "subagent_022", "response_timestamp": 1775542100.653069, "duration_ms": 1815}