{"request_timestamp": 1775542064.8615732, "iteration": 4, "type": "subagent", "prefix": "subagent_004", "response_timestamp": 1775542066.486104, "duration_ms": 1625}