{"request_timestamp": 1775542113.19287, "iteration": 29, "type": "subagent", "prefix": "subagent_029", "response_timestamp": 1775542115.281857, "duration_ms": 2089}