{"request_timestamp": 1775542096.694428, "iteration": 21, "type": "subagent", "prefix": "subagent_021", "response_timestamp": 1775542098.811049, "duration_ms": 2117}