{"request_timestamp": 1775542093.983829, "iteration": 19, "type": "subagent", "prefix": "subagent_019", "response_timestamp": 1775542096.255811, "duration_ms": 2272}