{"request_timestamp": 1775542074.385546, "iteration": 9, "type": "subagent", "prefix": "subagent_009", "response_timestamp": 1775542077.355737, "duration_ms": 2970}