{"request_timestamp": 1775593006.715381, "iteration": 1, "type": "agent", "prefix": "agent_001", "response_timestamp": 1775593018.288125, "duration_ms": 11573}