{"request_timestamp": 1775624244.436683, "iteration": 16, "type": "agent", "prefix": "agent_016", "response_timestamp": 1775624248.6121118, "duration_ms": 4175}