{"request_timestamp": 1775624282.626991, "iteration": 21, "type": "agent", "prefix": "agent_021", "response_timestamp": 1775624285.87236, "duration_ms": 3245}