{"request_timestamp": 1775624197.7077289, "iteration": 5, "type": "agent", "prefix": "agent_005", "response_timestamp": 1775624200.8103948, "duration_ms": 3103}