{"request_timestamp": 1775624205.195231, "iteration": 9, "type": "agent", "prefix": "agent_009", "response_timestamp": 1775624208.404435, "duration_ms": 3209}