{"request_timestamp": 1775624327.098772, "iteration": 27, "type": "agent", "prefix": "agent_027", "response_timestamp": 1775624339.000638, "duration_ms": 11902}