{"request_timestamp": 1775624265.8359418, "iteration": 20, "type": "agent", "prefix": "agent_020", "response_timestamp": 1775624282.5990531, "duration_ms": 16763}