{"request_timestamp": 1775624253.897103, "iteration": 18, "type": "agent", "prefix": "agent_018", "response_timestamp": 1775624259.3671758, "duration_ms": 5470}