{"request_timestamp": 1775624306.919244, "iteration": 24, "type": "agent", "prefix": "agent_024", "response_timestamp": 1775624311.863436, "duration_ms": 4944}