{"request_timestamp": 1775624201.120072, "iteration": 7, "type": "agent", "prefix": "agent_007", "response_timestamp": 1775624204.838121, "duration_ms": 3718}