{"request_timestamp": 1775624291.02406, "iteration": 23, "type": "agent", "prefix": "agent_023", "response_timestamp": 1775624296.82688, "duration_ms": 5803}