{"request_timestamp": 1775624317.320309, "iteration": 25, "type": "agent", "prefix": "agent_025", "response_timestamp": 1775624322.0614002, "duration_ms": 4741}