{"request_timestamp": 1775624322.511934, "iteration": 26, "type": "agent", "prefix": "agent_026", "response_timestamp": 1775624327.005259, "duration_ms": 4493}