{"request_timestamp": 1775624248.650642, "iteration": 17, "type": "agent", "prefix": "agent_017", "response_timestamp": 1775624253.8354208, "duration_ms": 5185}