{"request_timestamp": 1775624221.3742201, "iteration": 12, "type": "agent", "prefix": "agent_012", "response_timestamp": 1775624225.4536068, "duration_ms": 4079}