{"request_timestamp": 1775624230.5831769, "iteration": 14, "type": "agent", "prefix": "agent_014", "response_timestamp": 1775624237.34795, "duration_ms": 6765}