{"request_timestamp": 1775624208.8314939, "iteration": 11, "type": "agent", "prefix": "agent_011", "response_timestamp": 1775624221.2703319, "duration_ms": 12439}