{"request_timestamp": 1775624259.39452, "iteration": 19, "type": "agent", "prefix": "agent_019", "response_timestamp": 1775624265.81642, "duration_ms": 6422}