{"request_timestamp": 1775624285.957621, "iteration": 22, "type": "agent", "prefix": "agent_022", "response_timestamp": 1775624290.984372, "duration_ms": 5027}