{"request_timestamp": 1775624195.68307, "iteration": 4, "type": "agent", "prefix": "agent_004", "response_timestamp": 1775624197.686045, "duration_ms": 2003}