{"request_timestamp": 1775624192.779436, "iteration": 3, "type": "agent", "prefix": "agent_003", "response_timestamp": 1775624195.556299, "duration_ms": 2777}