{"request_timestamp": 1775624225.4836621, "iteration": 13, "type": "agent", "prefix": "agent_013", "response_timestamp": 1775624230.5586681, "duration_ms": 5075}