{"request_timestamp": 1775624188.625914, "iteration": 1, "type": "agent", "prefix": "agent_001", "response_timestamp": 1775624192.1898282, "duration_ms": 3564}