{"request_timestamp": 1775624237.369992, "iteration": 15, "type": "agent", "prefix": "agent_015", "response_timestamp": 1775624244.411375, "duration_ms": 7041}