{"request_timestamp": 1775624192.203969, "iteration": 2, "type": "internal", "prefix": "internal_002", "response_timestamp": 1775624192.7559628, "duration_ms": 552}