{"request_timestamp": 1775624208.413953, "iteration": 10, "type": "internal", "prefix": "internal_010", "response_timestamp": 1775624208.8138938, "duration_ms": 400}