{"request_timestamp": 1775624204.841115, "iteration": 8, "type": "internal", "prefix": "internal_008", "response_timestamp": 1775624205.177357, "duration_ms": 336}