{"request_timestamp": 1775624200.8189929, "iteration": 6, "type": "internal", "prefix": "internal_006", "response_timestamp": 1775624201.105052, "duration_ms": 286}