{"request_timestamp": 1775522991.663278, "iteration": 1, "type": "agent", "prefix": "agent_001", "response_timestamp": 1775523000.5324821, "duration_ms": 8869}