{"request_timestamp": 1775523153.0155442, "iteration": 44, "type": "agent", "prefix": "agent_044", "response_timestamp": 1775523171.275646, "duration_ms": 18260}