{"request_timestamp": 1775523032.940001, "iteration": 16, "type": "internal", "prefix": "internal_016", "response_timestamp": 1775523033.255518, "duration_ms": 316}