{"request_timestamp": 1775523006.0539148, "iteration": 5, "type": "internal", "prefix": "internal_005", "response_timestamp": 1775523006.694284, "duration_ms": 640}