{"request_timestamp": 1775523032.272924, "iteration": 14, "type": "internal", "prefix": "internal_014", "response_timestamp": 1775523032.622388, "duration_ms": 349}