{"request_timestamp": 1775523032.6241431, "iteration": 15, "type": "internal", "prefix": "internal_015", "response_timestamp": 1775523032.937993, "duration_ms": 314}