{"request_timestamp": 1775523005.648225, "iteration": 4, "type": "internal", "prefix": "internal_004", "response_timestamp": 1775523006.047596, "duration_ms": 399}