{"request_timestamp": 1775523123.941241, "iteration": 40, "type": "internal", "prefix": "internal_040", "response_timestamp": 1775523124.218847, "duration_ms": 278}