{"request_timestamp": 1775523086.27282, "iteration": 33, "type": "subagent", "prefix": "subagent_033", "response_timestamp": 1775523089.517632, "duration_ms": 3245}