{"request_timestamp": 1775523044.060572, "iteration": 20, "type": "subagent", "prefix": "subagent_020", "response_timestamp": 1775523048.412451, "duration_ms": 4352}