{"request_timestamp": 1775523003.2711139, "iteration": 3, "type": "subagent", "prefix": "subagent_003", "response_timestamp": 1775523005.638817, "duration_ms": 2368}