{"request_timestamp": 1775523059.5263512, "iteration": 24, "type": "subagent", "prefix": "subagent_024", "response_timestamp": 1775523062.586743, "duration_ms": 3060}