{"request_timestamp": 1775523022.671882, "iteration": 11, "type": "subagent", "prefix": "subagent_011", "response_timestamp": 1775523025.402936, "duration_ms": 2731}