{"request_timestamp": 1775523016.116089, "iteration": 9, "type": "subagent", "prefix": "subagent_009", "response_timestamp": 1775523019.6128051, "duration_ms": 3497}