{"request_timestamp": 1775523068.040855, "iteration": 27, "type": "subagent", "prefix": "subagent_027", "response_timestamp": 1775523070.465367, "duration_ms": 2425}