{"request_timestamp": 1775523033.264967, "iteration": 17, "type": "subagent", "prefix": "subagent_017", "response_timestamp": 1775523037.021434, "duration_ms": 3756}