{"request_timestamp": 1775523062.5980082, "iteration": 25, "type": "subagent", "prefix": "subagent_025", "response_timestamp": 1775523064.818687, "duration_ms": 2221}