{"request_timestamp": 1775523080.919175, "iteration": 31, "type": "subagent", "prefix": "subagent_031", "response_timestamp": 1775523083.481904, "duration_ms": 2563}