{"request_timestamp": 1775523115.328624, "iteration": 37, "type": "subagent", "prefix": "subagent_037", "response_timestamp": 1775523118.670604, "duration_ms": 3342}