{"request_timestamp": 1775523064.8493671, "iteration": 26, "type": "subagent", "prefix": "subagent_026", "response_timestamp": 1775523068.033248, "duration_ms": 3184}