{"request_timestamp": 1775523010.378002, "iteration": 7, "type": "subagent", "prefix": "subagent_007", "response_timestamp": 1775523013.768026, "duration_ms": 3390}