{"request_timestamp": 1775523025.4093928, "iteration": 12, "type": "subagent", "prefix": "subagent_012", "response_timestamp": 1775523028.733962, "duration_ms": 3325}