{"request_timestamp": 1775523124.236149, "iteration": 41, "type": "subagent", "prefix": "subagent_041", "response_timestamp": 1775523127.5383968, "duration_ms": 3302}