{"request_timestamp": 1775523019.6223009, "iteration": 10, "type": "subagent", "prefix": "subagent_010", "response_timestamp": 1775523022.662465, "duration_ms": 3040}