{"request_timestamp": 1775523074.051832, "iteration": 29, "type": "subagent", "prefix": "subagent_029", "response_timestamp": 1775523077.394263, "duration_ms": 3342}