{"request_timestamp": 1775523127.555479, "iteration": 42, "type": "subagent", "prefix": "subagent_042", "response_timestamp": 1775523129.418806, "duration_ms": 1863}