{"request_timestamp": 1775523118.7251499, "iteration": 38, "type": "subagent", "prefix": "subagent_038", "response_timestamp": 1775523121.297695, "duration_ms": 2573}