{"request_timestamp": 1775523083.4940941, "iteration": 32, "type": "subagent", "prefix": "subagent_032", "response_timestamp": 1775523086.265152, "duration_ms": 2771}