{"request_timestamp": 1775523070.4769769, "iteration": 28, "type": "subagent", "prefix": "subagent_028", "response_timestamp": 1775523074.042285, "duration_ms": 3565}