{"request_timestamp": 1775523006.705698, "iteration": 6, "type": "subagent", "prefix": "subagent_006", "response_timestamp": 1775523010.368067, "duration_ms": 3662}