{"request_timestamp": 1775523037.032287, "iteration": 18, "type": "subagent", "prefix": "subagent_018", "response_timestamp": 1775523041.830063, "duration_ms": 4798}