{"request_timestamp": 1775523041.840148, "iteration": 19, "type": "subagent", "prefix": "subagent_019", "response_timestamp": 1775523044.05139, "duration_ms": 2211}