{"request_timestamp": 1775523000.5407512, "iteration": 2, "type": "subagent", "prefix": "subagent_002", "response_timestamp": 1775523003.2638059, "duration_ms": 2723}