{"request_timestamp": 1775523129.435331, "iteration": 43, "type": "subagent", "prefix": "subagent_043", "response_timestamp": 1775523152.9515562, "duration_ms": 23516}