{"request_timestamp": 1775523095.031368, "iteration": 36, "type": "subagent", "prefix": "subagent_036", "response_timestamp": 1775523115.319766, "duration_ms": 20288}