{"request_timestamp": 1775523057.314112, "iteration": 23, "type": "subagent", "prefix": "subagent_023", "response_timestamp": 1775523059.5145211, "duration_ms": 2200}