{"request_timestamp": 1775523048.4242291, "iteration": 21, "type": "subagent", "prefix": "subagent_021", "response_timestamp": 1775523054.247155, "duration_ms": 5823}