{"request_timestamp": 1775523089.531324, "iteration": 34, "type": "subagent", "prefix": "subagent_034", "response_timestamp": 1775523092.530844, "duration_ms": 3000}