{"request_timestamp": 1775523121.333538, "iteration": 39, "type": "subagent", "prefix": "subagent_039", "response_timestamp": 1775523123.934528, "duration_ms": 2601}