{"request_timestamp": 1775523054.2558239, "iteration": 22, "type": "subagent", "prefix": "subagent_022", "response_timestamp": 1775523057.304269, "duration_ms": 3048}