{"request_timestamp": 1775523028.747628, "iteration": 13, "type": "subagent", "prefix": "subagent_013", "response_timestamp": 1775523032.270277, "duration_ms": 3523}