{"request_timestamp": 1775523013.777528, "iteration": 8, "type": "subagent", "prefix": "subagent_008", "response_timestamp": 1775523016.1089761, "duration_ms": 2331}