{"request_timestamp": 1775523092.543115, "iteration": 35, "type": "subagent", "prefix": "subagent_035", "response_timestamp": 1775523095.0192719, "duration_ms": 2476}