{"request_timestamp": 1775523077.405486, "iteration": 30, "type": "subagent", "prefix": "subagent_030", "response_timestamp": 1775523080.908548, "duration_ms": 3503}