{"request_timestamp": 1775608485.956813, "iteration": 66, "type": "agent", "prefix": "agent_066", "response_timestamp": 1775608494.085134, "duration_ms": 8128}