{"request_timestamp": 1775608014.421504, "iteration": 22, "type": "agent", "prefix": "agent_022", "response_timestamp": 1775608035.501327, "duration_ms": 21080}