{"request_timestamp": 1775608911.058325, "iteration": 107, "type": "agent", "prefix": "agent_107", "response_timestamp": 1775608917.631949, "duration_ms": 6574}