{"request_timestamp": 1775607704.862806, "iteration": 2, "type": "agent", "prefix": "agent_002", "response_timestamp": 1775607709.188941, "duration_ms": 4326}