{"request_timestamp": 1775608477.938945, "iteration": 65, "type": "agent", "prefix": "agent_065", "response_timestamp": 1775608485.9073532, "duration_ms": 7968}