{"request_timestamp": 1775608828.740863, "iteration": 97, "type": "agent", "prefix": "agent_097", "response_timestamp": 1775608839.8492951, "duration_ms": 11108}