{"request_timestamp": 1775607709.278692, "iteration": 3, "type": "agent", "prefix": "agent_003", "response_timestamp": 1775607716.2396271, "duration_ms": 6961}