{"request_timestamp": 1775608731.5268748, "iteration": 87, "type": "agent", "prefix": "agent_087", "response_timestamp": 1775608741.061557, "duration_ms": 9535}