{"request_timestamp": 1775608636.1439612, "iteration": 78, "type": "agent", "prefix": "agent_078", "response_timestamp": 1775608644.853868, "duration_ms": 8710}