{"request_timestamp": 1775608313.1071072, "iteration": 51, "type": "agent", "prefix": "agent_051", "response_timestamp": 1775608331.550976, "duration_ms": 18444}