{"request_timestamp": 1775608451.8196921, "iteration": 63, "type": "agent", "prefix": "agent_063", "response_timestamp": 1775608470.590461, "duration_ms": 18771}