{"request_timestamp": 1775608223.8925362, "iteration": 43, "type": "agent", "prefix": "agent_043", "response_timestamp": 1775608248.893339, "duration_ms": 25001}