{"request_timestamp": 1775608076.3106802, "iteration": 28, "type": "agent", "prefix": "agent_028", "response_timestamp": 1775608078.431329, "duration_ms": 2121}