{"request_timestamp": 1775608509.694498, "iteration": 68, "type": "agent", "prefix": "agent_068", "response_timestamp": 1775608520.2258549, "duration_ms": 10531}