{"request_timestamp": 1775608263.154909, "iteration": 46, "type": "agent", "prefix": "agent_046", "response_timestamp": 1775608270.739986, "duration_ms": 7585}