{"request_timestamp": 1775608122.1078348, "iteration": 34, "type": "agent", "prefix": "agent_034", "response_timestamp": 1775608129.910762, "duration_ms": 7803}