{"request_timestamp": 1775608839.9084952, "iteration": 98, "type": "agent", "prefix": "agent_098", "response_timestamp": 1775608847.813151, "duration_ms": 7905}