{"request_timestamp": 1775608520.285126, "iteration": 69, "type": "agent", "prefix": "agent_069", "response_timestamp": 1775608528.080307, "duration_ms": 7795}