{"request_timestamp": 1775608395.746481, "iteration": 57, "type": "agent", "prefix": "agent_057", "response_timestamp": 1775608402.623907, "duration_ms": 6877}