{"request_timestamp": 1775608070.186613, "iteration": 25, "type": "agent", "prefix": "agent_025", "response_timestamp": 1775608072.399947, "duration_ms": 2213}