{"request_timestamp": 1775608089.136055, "iteration": 31, "type": "agent", "prefix": "agent_031", "response_timestamp": 1775608109.9709911, "duration_ms": 20835}