{"request_timestamp": 1775608854.5596852, "iteration": 100, "type": "agent", "prefix": "agent_100", "response_timestamp": 1775608861.3444748, "duration_ms": 6785}