{"request_timestamp": 1775608306.684288, "iteration": 50, "type": "agent", "prefix": "agent_050", "response_timestamp": 1775608313.0571609, "duration_ms": 6373}