{"request_timestamp": 1775608216.478693, "iteration": 42, "type": "agent", "prefix": "agent_042", "response_timestamp": 1775608223.8492868, "duration_ms": 7371}