{"request_timestamp": 1775608560.8047051, "iteration": 73, "type": "agent", "prefix": "agent_073", "response_timestamp": 1775608568.921665, "duration_ms": 8117}