{"request_timestamp": 1775608282.6938071, "iteration": 48, "type": "agent", "prefix": "agent_048", "response_timestamp": 1775608290.1783009, "duration_ms": 7484}