{"request_timestamp": 1775608110.0474281, "iteration": 32, "type": "agent", "prefix": "agent_032", "response_timestamp": 1775608112.001642, "duration_ms": 1954}