{"request_timestamp": 1775607903.410499, "iteration": 17, "type": "agent", "prefix": "agent_017", "response_timestamp": 1775607911.567168, "duration_ms": 8157}