{"request_timestamp": 1775608691.406313, "iteration": 82, "type": "agent", "prefix": "agent_082", "response_timestamp": 1775608699.9599519, "duration_ms": 8554}