{"request_timestamp": 1775608248.9422169, "iteration": 44, "type": "agent", "prefix": "agent_044", "response_timestamp": 1775608256.052792, "duration_ms": 7111}