{"request_timestamp": 1775607978.535253, "iteration": 21, "type": "agent", "prefix": "agent_021", "response_timestamp": 1775608014.343877, "duration_ms": 35809}