{"request_timestamp": 1775608716.452411, "iteration": 85, "type": "agent", "prefix": "agent_085", "response_timestamp": 1775608722.88768, "duration_ms": 6435}