{"request_timestamp": 1775608181.166504, "iteration": 38, "type": "agent", "prefix": "agent_038", "response_timestamp": 1775608187.897183, "duration_ms": 6731}