{"request_timestamp": 1775607940.492379, "iteration": 19, "type": "agent", "prefix": "agent_019", "response_timestamp": 1775607959.9937432, "duration_ms": 19501}