{"request_timestamp": 1775608293.29391, "iteration": 49, "type": "agent", "prefix": "agent_049", "response_timestamp": 1775608300.788935, "duration_ms": 7495}