{"request_timestamp": 1775608665.814775, "iteration": 81, "type": "agent", "prefix": "agent_081", "response_timestamp": 1775608691.323679, "duration_ms": 25509}