{"request_timestamp": 1775608799.5067341, "iteration": 93, "type": "agent", "prefix": "agent_093", "response_timestamp": 1775608807.062242, "duration_ms": 7556}