{"request_timestamp": 1775608470.652225, "iteration": 64, "type": "agent", "prefix": "agent_064", "response_timestamp": 1775608477.879742, "duration_ms": 7228}