{"request_timestamp": 1775608594.6952288, "iteration": 77, "type": "agent", "prefix": "agent_077", "response_timestamp": 1775608603.359064, "duration_ms": 8664}