{"request_timestamp": 1775608035.557538, "iteration": 23, "type": "agent", "prefix": "agent_023", "response_timestamp": 1775608052.8423429, "duration_ms": 17285}