{"request_timestamp": 1775608708.871726, "iteration": 84, "type": "agent", "prefix": "agent_084", "response_timestamp": 1775608716.387938, "duration_ms": 7516}