{"request_timestamp": 1775607817.877814, "iteration": 13, "type": "agent", "prefix": "agent_013", "response_timestamp": 1775607832.420016, "duration_ms": 14542}