{"request_timestamp": 1775608942.573771, "iteration": 109, "type": "agent", "prefix": "agent_109", "response_timestamp": 1775608952.549031, "duration_ms": 9975}