{"request_timestamp": 1775608338.487309, "iteration": 53, "type": "agent", "prefix": "agent_053", "response_timestamp": 1775608355.461668, "duration_ms": 16974}