{"request_timestamp": 1775608271.299961, "iteration": 47, "type": "agent", "prefix": "agent_047", "response_timestamp": 1775608278.7281039, "duration_ms": 7428}