{"request_timestamp": 1775608964.260868, "iteration": 110, "type": "agent", "prefix": "agent_110", "response_timestamp": 1775608971.598327, "duration_ms": 7337}