{"request_timestamp": 1775608256.104235, "iteration": 45, "type": "agent", "prefix": "agent_045", "response_timestamp": 1775608263.0965939, "duration_ms": 6992}