{"request_timestamp": 1775608576.937187, "iteration": 75, "type": "agent", "prefix": "agent_075", "response_timestamp": 1775608586.0767639, "duration_ms": 9140}