{"request_timestamp": 1775608820.8971882, "iteration": 96, "type": "agent", "prefix": "agent_096", "response_timestamp": 1775608828.6818361, "duration_ms": 7785}