{"request_timestamp": 1775608722.948856, "iteration": 86, "type": "agent", "prefix": "agent_086", "response_timestamp": 1775608731.463969, "duration_ms": 8515}