{"request_timestamp": 1775608381.598613, "iteration": 55, "type": "agent", "prefix": "agent_055", "response_timestamp": 1775608388.699064, "duration_ms": 7100}