{"request_timestamp": 1775607732.006757, "iteration": 10, "type": "agent", "prefix": "agent_010", "response_timestamp": 1775607739.8644412, "duration_ms": 7858}