{"request_timestamp": 1775607700.098171, "iteration": 1, "type": "agent", "prefix": "agent_001", "response_timestamp": 1775607704.5933251, "duration_ms": 4495}