{"request_timestamp": 1775608191.170274, "iteration": 39, "type": "agent", "prefix": "agent_039", "response_timestamp": 1775608198.563137, "duration_ms": 7393}