{"request_timestamp": 1775608741.142501, "iteration": 88, "type": "agent", "prefix": "agent_088", "response_timestamp": 1775608769.617119, "duration_ms": 28475}