{"request_timestamp": 1775608658.715758, "iteration": 80, "type": "agent", "prefix": "agent_080", "response_timestamp": 1775608665.747187, "duration_ms": 7031}