{"request_timestamp": 1775608155.6871932, "iteration": 35, "type": "agent", "prefix": "agent_035", "response_timestamp": 1775608162.573477, "duration_ms": 6886}