{"request_timestamp": 1775608847.862527, "iteration": 99, "type": "agent", "prefix": "agent_099", "response_timestamp": 1775608854.493265, "duration_ms": 6631}