{"request_timestamp": 1775607836.072524, "iteration": 14, "type": "agent", "prefix": "agent_014", "response_timestamp": 1775607852.050866, "duration_ms": 15978}