{"request_timestamp": 1775608202.2181492, "iteration": 40, "type": "agent", "prefix": "agent_040", "response_timestamp": 1775608208.937769, "duration_ms": 6720}