{"request_timestamp": 1775608777.70805, "iteration": 90, "type": "agent", "prefix": "agent_090", "response_timestamp": 1775608784.5206232, "duration_ms": 6813}