{"request_timestamp": 1775607874.0000582, "iteration": 16, "type": "agent", "prefix": "agent_016", "response_timestamp": 1775607899.847321, "duration_ms": 25847}