{"request_timestamp": 1775608644.9122171, "iteration": 79, "type": "agent", "prefix": "agent_079", "response_timestamp": 1775608658.6452851, "duration_ms": 13733}