{"request_timestamp": 1775608569.002187, "iteration": 74, "type": "agent", "prefix": "agent_074", "response_timestamp": 1775608576.870498, "duration_ms": 7868}