{"request_timestamp": 1775608410.36407, "iteration": 59, "type": "agent", "prefix": "agent_059", "response_timestamp": 1775608419.428973, "duration_ms": 9065}