{"request_timestamp": 1775608166.403434, "iteration": 36, "type": "agent", "prefix": "agent_036", "response_timestamp": 1775608173.062839, "duration_ms": 6659}