{"request_timestamp": 1775608535.766468, "iteration": 71, "type": "agent", "prefix": "agent_071", "response_timestamp": 1775608543.576135, "duration_ms": 7810}