{"request_timestamp": 1775608784.570956, "iteration": 91, "type": "agent", "prefix": "agent_091", "response_timestamp": 1775608792.375235, "duration_ms": 7804}