{"request_timestamp": 1775608878.214216, "iteration": 103, "type": "agent", "prefix": "agent_103", "response_timestamp": 1775608884.384598, "duration_ms": 6170}