{"request_timestamp": 1775608173.1091042, "iteration": 37, "type": "agent", "prefix": "agent_037", "response_timestamp": 1775608181.112875, "duration_ms": 8004}