{"request_timestamp": 1775608437.7232609, "iteration": 61, "type": "agent", "prefix": "agent_061", "response_timestamp": 1775608444.505326, "duration_ms": 6782}