{"request_timestamp": 1775608052.902762, "iteration": 24, "type": "agent", "prefix": "agent_024", "response_timestamp": 1775608070.144346, "duration_ms": 17242}