{"request_timestamp": 1775608080.7411158, "iteration": 30, "type": "agent", "prefix": "agent_030", "response_timestamp": 1775608089.067971, "duration_ms": 8327}