{"request_timestamp": 1775608871.524949, "iteration": 102, "type": "agent", "prefix": "agent_102", "response_timestamp": 1775608878.155691, "duration_ms": 6631}