{"request_timestamp": 1775608209.28058, "iteration": 41, "type": "agent", "prefix": "agent_041", "response_timestamp": 1775608216.4056928, "duration_ms": 7125}