{"request_timestamp": 1775607803.487067, "iteration": 12, "type": "agent", "prefix": "agent_012", "response_timestamp": 1775607812.477925, "duration_ms": 8991}