{"request_timestamp": 1775607855.929429, "iteration": 15, "type": "agent", "prefix": "agent_015", "response_timestamp": 1775607870.6654232, "duration_ms": 14736}