{"request_timestamp": 1775608500.4930282, "iteration": 67, "type": "agent", "prefix": "agent_067", "response_timestamp": 1775608509.6475992, "duration_ms": 9155}