{"request_timestamp": 1775608814.07114, "iteration": 95, "type": "agent", "prefix": "agent_095", "response_timestamp": 1775608820.842345, "duration_ms": 6771}