{"request_timestamp": 1775608112.047447, "iteration": 33, "type": "agent", "prefix": "agent_033", "response_timestamp": 1775608122.0628831, "duration_ms": 10015}