{"request_timestamp": 1775608899.439772, "iteration": 106, "type": "agent", "prefix": "agent_106", "response_timestamp": 1775608906.625134, "duration_ms": 7185}