{"request_timestamp": 1775608402.6863601, "iteration": 58, "type": "agent", "prefix": "agent_058", "response_timestamp": 1775608410.296834, "duration_ms": 7610}