{"request_timestamp": 1775608072.4683409, "iteration": 26, "type": "agent", "prefix": "agent_026", "response_timestamp": 1775608074.131386, "duration_ms": 1663}