{"request_timestamp": 1775608586.129893, "iteration": 76, "type": "agent", "prefix": "agent_076", "response_timestamp": 1775608593.815527, "duration_ms": 7686}