{"request_timestamp": 1775608444.552821, "iteration": 62, "type": "agent", "prefix": "agent_062", "response_timestamp": 1775608451.752887, "duration_ms": 7200}