{"request_timestamp": 1775607960.0580459, "iteration": 20, "type": "agent", "prefix": "agent_020", "response_timestamp": 1775607978.447903, "duration_ms": 18390}