{"request_timestamp": 1775608355.525908, "iteration": 54, "type": "agent", "prefix": "agent_054", "response_timestamp": 1775608381.530283, "duration_ms": 26004}