{"request_timestamp": 1775608419.499746, "iteration": 60, "type": "agent", "prefix": "agent_060", "response_timestamp": 1775608437.676308, "duration_ms": 18177}