{"request_timestamp": 1775607915.6788962, "iteration": 18, "type": "agent", "prefix": "agent_018", "response_timestamp": 1775607940.447295, "duration_ms": 24768}