{"request_timestamp": 1775608861.4146078, "iteration": 101, "type": "agent", "prefix": "agent_101", "response_timestamp": 1775608871.4528499, "duration_ms": 10038}