{"request_timestamp": 1775608769.684556, "iteration": 89, "type": "agent", "prefix": "agent_089", "response_timestamp": 1775608777.657835, "duration_ms": 7973}