{"request_timestamp": 1775608528.1387782, "iteration": 70, "type": "agent", "prefix": "agent_070", "response_timestamp": 1775608535.7100852, "duration_ms": 7571}