{"request_timestamp": 1775608388.761696, "iteration": 56, "type": "agent", "prefix": "agent_056", "response_timestamp": 1775608395.6785018, "duration_ms": 6917}