{"request_timestamp": 1775608074.195543, "iteration": 27, "type": "agent", "prefix": "agent_027", "response_timestamp": 1775608076.25025, "duration_ms": 2055}