{"request_timestamp": 1775608543.6303859, "iteration": 72, "type": "agent", "prefix": "agent_072", "response_timestamp": 1775608550.094702, "duration_ms": 6464}