{"request_timestamp": 1775608700.016646, "iteration": 83, "type": "agent", "prefix": "agent_083", "response_timestamp": 1775608708.791955, "duration_ms": 8775}