{"request_timestamp": 1775608331.6004312, "iteration": 52, "type": "agent", "prefix": "agent_052", "response_timestamp": 1775608338.424331, "duration_ms": 6824}