{"request_timestamp": 1775608892.667042, "iteration": 105, "type": "agent", "prefix": "agent_105", "response_timestamp": 1775608899.389386, "duration_ms": 6722}