{"request_timestamp": 1775607771.2550359, "iteration": 11, "type": "agent", "prefix": "agent_011", "response_timestamp": 1775607799.99072, "duration_ms": 28736}