{"request_timestamp": 1775608807.140089, "iteration": 94, "type": "agent", "prefix": "agent_094", "response_timestamp": 1775608814.009623, "duration_ms": 6870}