{"request_timestamp": 1775608078.497061, "iteration": 29, "type": "agent", "prefix": "agent_029", "response_timestamp": 1775608080.67586, "duration_ms": 2179}