{"request_timestamp": 1775608792.428365, "iteration": 92, "type": "agent", "prefix": "agent_092", "response_timestamp": 1775608799.448072, "duration_ms": 7020}