{"request_timestamp": 1775608884.448875, "iteration": 104, "type": "agent", "prefix": "agent_104", "response_timestamp": 1775608892.607708, "duration_ms": 8159}