{"request_timestamp": 1775608934.716139, "iteration": 108, "type": "agent", "prefix": "agent_108", "response_timestamp": 1775608941.5024462, "duration_ms": 6786}