{"request_timestamp": 1775607720.720656, "iteration": 6, "type": "internal", "prefix": "internal_006", "response_timestamp": 1775607720.991107, "duration_ms": 270}