{"request_timestamp": 1775607720.996145, "iteration": 7, "type": "internal", "prefix": "internal_007", "response_timestamp": 1775607721.469335, "duration_ms": 473}