{"request_timestamp": 1775607720.217139, "iteration": 5, "type": "internal", "prefix": "internal_005", "response_timestamp": 1775607720.719105, "duration_ms": 502}