{"request_timestamp": 1775607721.490816, "iteration": 8, "type": "subagent", "prefix": "subagent_008", "response_timestamp": 1775607726.286016, "duration_ms": 4795}