{"request_timestamp": 1775607716.2575529, "iteration": 4, "type": "subagent", "prefix": "subagent_004", "response_timestamp": 1775607720.210817, "duration_ms": 3953}