{"request_timestamp": 1775607726.3080478, "iteration": 9, "type": "subagent", "prefix": "subagent_009", "response_timestamp": 1775607731.967621, "duration_ms": 5660}