{"request_timestamp": 1775580385.3141718, "iteration": 6, "type": "agent", "prefix": "agent_006", "response_timestamp": 1775580396.900928, "duration_ms": 11587}