{"request_timestamp": 1775580397.785144, "iteration": 7, "type": "agent", "prefix": "agent_007", "response_timestamp": 1775580401.957202, "duration_ms": 4172}