{"request_timestamp": 1775580411.4724538, "iteration": 10, "type": "agent", "prefix": "agent_010", "response_timestamp": 1775580417.514305, "duration_ms": 6042}