{"request_timestamp": 1775580326.7263749, "iteration": 1, "type": "agent", "prefix": "agent_001", "response_timestamp": 1775580335.45013, "duration_ms": 8724}