{"request_timestamp": 1775580417.582384, "iteration": 11, "type": "agent", "prefix": "agent_011", "response_timestamp": 1775580501.754976, "duration_ms": 84173}