{"request_timestamp": 1775580633.123832, "iteration": 14, "type": "agent", "prefix": "agent_014", "response_timestamp": 1775580644.37884, "duration_ms": 11255}