{"request_timestamp": 1775580406.948034, "iteration": 9, "type": "agent", "prefix": "agent_009", "response_timestamp": 1775580411.437221, "duration_ms": 4489}