{"request_timestamp": 1775580501.849646, "iteration": 12, "type": "agent", "prefix": "agent_012", "response_timestamp": 1775580627.5114381, "duration_ms": 125662}