{"request_timestamp": 1775580401.9888551, "iteration": 8, "type": "agent", "prefix": "agent_008", "response_timestamp": 1775580406.9069922, "duration_ms": 4918}