{"request_timestamp": 1775580627.585736, "iteration": 13, "type": "agent", "prefix": "agent_013", "response_timestamp": 1775580632.986936, "duration_ms": 5401}