{"request_timestamp": 1775580365.431299, "iteration": 5, "type": "agent", "prefix": "agent_005", "response_timestamp": 1775580378.829756, "duration_ms": 13398}