{"request_timestamp": 1775580335.460862, "iteration": 2, "type": "subagent", "prefix": "subagent_002", "response_timestamp": 1775580337.6257222, "duration_ms": 2165}