{"request_timestamp": 1775580337.701262, "iteration": 3, "type": "subagent", "prefix": "subagent_003", "response_timestamp": 1775580343.0701382, "duration_ms": 5369}