{"request_timestamp": 1775580343.125531, "iteration": 4, "type": "subagent", "prefix": "subagent_004", "response_timestamp": 1775580359.116384, "duration_ms": 15991}