{"request_timestamp": 1775539370.887021, "iteration": 8, "type": "agent", "prefix": "agent_008", "response_timestamp": 1775539374.529516, "duration_ms": 3642}