{"request_timestamp": 1775539360.385215, "iteration": 7, "type": "agent", "prefix": "agent_007", "response_timestamp": 1775539363.730239, "duration_ms": 3345}