{"request_timestamp": 1775539353.992579, "iteration": 6, "type": "agent", "prefix": "agent_006", "response_timestamp": 1775539360.370067, "duration_ms": 6377}