{"request_timestamp": 1775539375.7193978, "iteration": 9, "type": "agent", "prefix": "agent_009", "response_timestamp": 1775539380.422294, "duration_ms": 4703}