{"request_timestamp": 1775539333.9099488, "iteration": 1, "type": "agent", "prefix": "agent_001", "response_timestamp": 1775539338.547625, "duration_ms": 4638}