{"request_timestamp": 1775539349.4036748, "iteration": 5, "type": "agent", "prefix": "agent_005", "response_timestamp": 1775539353.968959, "duration_ms": 4565}