{"request_timestamp": 1775539343.092457, "iteration": 4, "type": "agent", "prefix": "agent_004", "response_timestamp": 1775539349.3637629, "duration_ms": 6271}