{"request_timestamp": 1775539338.918057, "iteration": 3, "type": "agent", "prefix": "agent_003", "response_timestamp": 1775539343.070178, "duration_ms": 4152}