{"request_timestamp": 1775539338.5533462, "iteration": 2, "type": "internal", "prefix": "internal_002", "response_timestamp": 1775539338.8962922, "duration_ms": 343}