{"request_timestamp": 1775591675.807591, "iteration": 1, "type": "agent", "prefix": "agent_001", "response_timestamp": 1775591680.3877041, "duration_ms": 4580}